Open Time,Open,High,Low,Close,Volume,Close Time,Quote Asset Volume,Number of Trades,Taker Buy Base Volume,Taker Buy Quote Volume,Ignore,Average Price,Price Change
2023-09-10,1635.53,1635.7,1600.0,1617.42,207957.8428,2023-09-10 23:59:59.999,336517904.44357200,292581,100039.46380000,161887440.95607500,0,1617.85,-18.1099999999999
2023-09-11,1617.42,1619.0,1531.01,1551.85,417424.8189,2023-09-11 23:59:59.999,657137141.34232000,470056,202066.27300000,318051411.66556500,0,1575.005,-65.57000000000016
2023-09-12,1551.84,1626.0,1549.67,1592.97,329739.9685,2023-09-12 23:59:59.999,525392019.74439200,444268,163861.72240000,260938398.99068400,0,1587.835,41.13000000000011
2023-09-13,1592.97,1619.3,1581.88,1607.62,223409.2889,2023-09-13 23:59:59.999,357304191.67390100,349327,107880.37120000,172522864.73323100,0,1600.5900000000001,14.649999999999864
2023-09-14,1607.61,1644.29,1607.05,1626.47,275301.1505,2023-09-14 23:59:59.999,447913522.75155000,414952,138634.91200000,225589264.49306300,0,1625.67,18.860000000000127
2023-09-15,1626.48,1654.08,1611.42,1641.29,181340.024,2023-09-15 23:59:59.999,295616593.10786500,313776,88087.76060000,143641063.63150800,0,1632.75,14.809999999999945
2023-09-16,1641.3,1653.17,1631.31,1634.4,99555.4671,2023-09-16 23:59:59.999,163144495.69107900,245713,43821.93810000,71819073.48656100,0,1642.24,-6.899999999999864
2023-09-17,1634.4,1635.0,1612.0,1622.48,120227.4117,2023-09-17 23:59:59.999,195464805.89100300,264713,53504.64230000,86960701.56543400,0,1623.5,-11.920000000000073
2023-09-18,1622.48,1669.5,1603.88,1636.66,279041.6978,2023-09-18 23:59:59.999,458235380.24668600,453410,138512.84180000,227475377.92370300,0,1636.69,14.180000000000064
2023-09-19,1636.66,1661.04,1626.32,1643.12,184282.4258,2023-09-19 23:59:59.999,302910996.59182800,350549,87617.88890000,144020378.48103300,0,1643.6799999999998,6.459999999999809
2023-09-20,1643.13,1649.34,1604.51,1622.26,232844.2347,2023-09-20 23:59:59.999,379255954.95170500,382581,110068.56250000,179266382.86945100,0,1626.925,-20.87000000000012
2023-09-21,1622.27,1625.3,1567.77,1583.94,240627.544,2023-09-21 23:59:59.999,384503484.65584100,368163,113477.52690000,181209870.85890900,0,1596.5349999999999,-38.32999999999993
2023-09-22,1583.94,1602.68,1576.58,1593.08,124886.091,2023-09-22 23:59:59.999,198987470.05588800,267398,59931.03820000,95501097.43361500,0,1589.63,9.139999999999873
2023-09-23,1593.07,1598.24,1587.45,1593.86,64537.1341,2023-09-23 23:59:59.999,102806906.08343100,217950,29897.50660000,47624962.92926800,0,1592.845,0.7899999999999636
2023-09-24,1593.85,1601.12,1570.01,1580.71,137517.8533,2023-09-24 23:59:59.999,218549215.97400900,307377,69567.52880000,110560825.81027300,0,1585.565,-13.139999999999873
2023-09-25,1580.71,1597.5,1563.01,1588.33,176706.9277,2023-09-25 23:59:59.999,279294486.72266100,405042,86242.67550000,136326196.38298200,0,1580.255,7.619999999999891
2023-09-26,1588.34,1599.78,1580.05,1594.01,125583.0161,2023-09-26 23:59:59.999,199551097.28954800,317309,60123.62820000,95545795.23509700,0,1589.915,5.670000000000073
2023-09-27,1594.02,1634.1,1583.5,1598.64,274404.4328,2023-09-27 23:59:59.999,440883556.96005400,478489,130309.72470000,209389151.24377600,0,1608.8,4.620000000000118
2023-09-28,1598.63,1668.21,1598.14,1652.99,331409.7015,2023-09-28 23:59:59.999,541873730.29669800,567825,161317.02190000,263716289.47712900,0,1633.1750000000002,54.3599999999999
2023-09-29,1653.0,1688.0,1648.37,1667.45,251975.6728,2023-09-29 23:59:59.999,420335662.09662800,494615,119324.55780000,199086852.66872900,0,1668.185,14.450000000000045
2023-09-30,1667.45,1694.32,1666.19,1670.89,136924.9141,2023-09-30 23:59:59.999,229630339.53543700,342315,74748.05190000,125347764.51287300,0,1680.255,3.4400000000000546
2023-10-01,1670.89,1751.0,1668.0,1733.79,225611.5868,2023-10-01 23:59:59.999,383793846.18348800,495195,113996.16590000,194000592.08668800,0,1709.5,62.899999999999864
2023-10-02,1733.8,1744.0,1636.79,1662.4,378575.6898,2023-10-02 23:59:59.999,643680600.09260300,773990,181099.22020000,308057405.92135800,0,1690.395,-71.39999999999986
2023-10-03,1662.41,1670.65,1643.0,1656.88,198287.1164,2023-10-03 23:59:59.999,328606758.39861700,530016,93742.61540000,155357300.32174700,0,1656.825,-5.529999999999973
2023-10-04,1656.88,1657.66,1625.0,1646.58,222861.7167,2023-10-04 23:59:59.999,365919693.07999000,553269,105410.57680000,173086611.24806600,0,1641.33,-10.300000000000182
2023-10-05,1646.58,1655.47,1606.73,1611.79,237378.7449,2023-10-05 23:59:59.999,386770321.77235200,545845,110822.14590000,180526551.03047100,0,1631.1,-34.789999999999964
2023-10-06,1611.79,1662.0,1611.68,1645.03,220507.9286,2023-10-06 23:59:59.999,360565723.57884400,539488,109623.00060000,179235720.66966800,0,1636.8400000000001,33.24000000000001
2023-10-07,1645.03,1647.71,1630.03,1633.57,101241.5732,2023-10-07 23:59:59.999,165907550.80901300,288695,47002.98120000,77028514.72954500,0,1638.87,-11.460000000000036
2023-10-08,1633.56,1641.4,1616.17,1632.84,149424.6635,2023-10-08 23:59:59.999,243516204.38871700,372636,72838.61570000,118698298.92276700,0,1628.785,-0.7200000000000273
2023-10-09,1632.85,1636.0,1546.0,1580.13,340141.0988,2023-10-09 23:59:59.999,540588837.45958900,646240,167250.98390000,265609380.01829500,0,1591.0,-52.7199999999998
2023-10-10,1580.13,1594.9,1550.55,1567.63,240659.3287,2023-10-10 23:59:59.999,378967575.34008300,613660,122514.98030000,192965581.78925500,0,1572.725,-12.5
2023-10-11,1567.62,1578.43,1544.26,1566.87,260253.9671,2023-10-11 23:59:59.999,406667649.14402200,605321,134785.48640000,210618804.52340000,0,1561.345,-0.75
2023-10-12,1566.86,1568.56,1521.0,1539.61,237221.4977,2023-10-12 23:59:59.999,366335747.01366700,510960,110863.92500000,171195520.91783800,0,1544.78,-27.25
2023-10-13,1539.61,1575.36,1537.76,1552.16,192205.8736,2023-10-13 23:59:59.999,297929349.18692500,520123,92439.20410000,143291580.64583900,0,1556.56,12.550000000000182
2023-10-14,1552.16,1561.72,1544.55,1554.94,100314.6754,2023-10-14 23:59:59.999,155648012.90784400,281561,41626.75670000,64617045.02605300,0,1553.135,2.7799999999999727
2023-10-15,1554.94,1567.62,1547.44,1557.77,120311.2738,2023-10-15 23:59:59.999,187266232.06238600,316951,57789.47240000,89957330.73435300,0,1557.53,2.8299999999999272
2023-10-16,1557.78,1639.43,1555.06,1599.42,418510.8644,2023-10-16 23:59:59.999,665124956.25364000,729569,215767.08560000,342929071.44598200,0,1597.245,41.6400000000001
2023-10-17,1599.41,1600.53,1551.08,1565.01,234817.0699,2023-10-17 23:59:59.999,370032208.15675400,475213,106364.46260000,167596650.46421400,0,1575.8049999999998,-34.40000000000009
2023-10-18,1565.01,1585.42,1555.88,1563.44,177750.2253,2023-10-18 23:59:59.999,279357949.45458000,440577,87939.03430000,138219607.96215800,0,1570.65,-1.5699999999999363
2023-10-19,1563.45,1574.45,1541.61,1566.57,216217.6675,2023-10-19 23:59:59.999,336684246.04449600,469598,101807.26510000,158534910.77649600,0,1558.03,3.119999999999891
2023-10-20,1566.57,1630.4,1561.19,1603.89,315995.792,2023-10-20 23:59:59.999,506065182.98231400,651738,158954.72470000,254549257.17093600,0,1595.795,37.320000000000164
2023-10-21,1603.88,1644.53,1592.36,1628.94,176419.4092,2023-10-21 23:59:59.999,285546594.56213000,463033,89419.90930000,144754684.68165700,0,1618.445,25.059999999999945
2023-10-22,1628.94,1667.8,1621.1,1663.7,228650.9225,2023-10-22 23:59:59.999,374841495.30439100,580843,108635.98610000,178084510.66694800,0,1644.4499999999998,34.75999999999999
2023-10-23,1663.69,1800.0,1657.07,1765.46,610931.9663,2023-10-23 23:59:59.999,1044121568.09905400,1167834,302609.53350000,517197485.18685300,0,1728.5349999999999,101.76999999999998
2023-10-24,1765.47,1854.38,1756.21,1784.98,674055.1375,2023-10-24 23:59:59.999,1216867823.89922500,1308532,335960.76130000,606671583.33911700,0,1805.295,19.50999999999999
2023-10-25,1784.98,1817.69,1760.0,1787.15,354410.8294,2023-10-25 23:59:59.999,634289515.56577900,774777,177656.30270000,318020760.74040300,0,1788.845,2.1700000000000728
2023-10-26,1787.15,1865.54,1762.21,1803.38,431169.0453,2023-10-26 23:59:59.999,781481904.95969700,901019,216166.78560000,391693373.21916700,0,1813.875,16.230000000000018
2023-10-27,1803.39,1803.91,1744.66,1779.4,274532.6921,2023-10-27 23:59:59.999,488398895.21753700,594592,137263.46820000,244249949.51807600,0,1774.285,-23.99000000000001
2023-10-28,1779.41,1803.23,1770.0,1776.2,122919.7382,2023-10-28 23:59:59.999,219588597.64105000,333711,59590.45430000,106460555.45935900,0,1786.615,-3.2100000000000364
2023-10-29,1776.21,1811.3,1762.66,1795.14,144110.6508,2023-10-29 23:59:59.999,258015412.93155400,371024,68282.97790000,122240383.72822500,0,1786.98,18.930000000000064
2023-10-30,1795.14,1829.84,1777.77,1809.04,277686.192,2023-10-30 23:59:59.999,501228029.31760500,560359,134895.64800000,243576319.80932100,0,1803.8049999999998,13.899999999999864
2023-10-31,1809.03,1819.41,1780.99,1814.67,258074.5796,2023-10-31 23:59:59.999,464695558.99525400,577888,120112.91540000,216284275.88791600,0,1800.2,5.6400000000001
2023-11-01,1814.67,1857.66,1783.19,1846.99,471921.6184,2023-11-01 23:59:59.999,858744655.31150800,862416,234932.89940000,427830377.61923100,0,1820.4250000000002,32.319999999999936
2023-11-02,1846.99,1875.0,1785.01,1800.8,368738.2193,2023-11-02 23:59:59.999,674522153.76558900,790110,185623.84900000,339696387.31557100,0,1830.005,-46.190000000000055
2023-11-03,1800.79,1834.58,1777.11,1832.71,315000.2678,2023-11-03 23:59:59.999,568244477.51770300,713592,148670.14460000,268213982.30877700,0,1805.8449999999998,31.920000000000073
2023-11-04,1832.7,1869.9,1824.03,1855.54,171538.0364,2023-11-04 23:59:59.999,315560482.70251600,463794,90964.88280000,167382926.70823700,0,1846.9650000000001,22.839999999999918
2023-11-05,1855.54,1912.67,1846.11,1891.71,383106.7628,2023-11-05 23:59:59.999,721508408.94399200,780672,194760.18480000,366825053.12650500,0,1879.3899999999999,36.17000000000007
2023-11-06,1891.71,1914.23,1868.48,1900.95,328746.2394,2023-11-06 23:59:59.999,622198937.15669200,717293,163547.45760000,309583391.10696100,0,1891.355,9.240000000000009
2023-11-07,1900.95,1906.99,1850.32,1885.27,332419.4406,2023-11-07 23:59:59.999,625566317.42704500,760921,157050.09940000,295599094.27211800,0,1878.655,-15.680000000000064
2023-11-08,1885.26,1904.69,1872.51,1888.12,247881.0997,2023-11-08 23:59:59.999,468144576.74145400,514836,125671.61970000,237346429.60485600,0,1888.6,2.8599999999999
2023-11-09,1888.11,2132.0,1882.07,2121.32,1100330.3237,2023-11-09 23:59:59.999,2200484378.92985000,1657379,576184.41160000,1151326154.69537700,0,2007.0349999999999,233.21000000000026
2023-11-10,2121.33,2136.99,2064.61,2077.72,555573.6495,2023-11-10 23:59:59.999,1167220520.82826100,880646,270796.81850000,569032269.47012900,0,2100.8,-43.61000000000013
2023-11-11,2077.72,2089.6,2030.3,2053.17,370966.0372,2023-11-11 23:59:59.999,763796737.40937500,675522,177075.17870000,364652650.68236400,0,2059.95,-24.549999999999727
2023-11-12,2053.16,2066.5,2012.1,2044.68,281907.559,2023-11-12 23:59:59.999,577153459.51571000,556231,142320.70720000,291430126.46568400,0,2039.3,-8.47999999999979
2023-11-13,2044.69,2118.0,2028.49,2053.65,529143.5815,2023-11-13 23:59:59.999,1093862454.32137400,1025249,261963.73590000,541622293.08972100,0,2073.245,8.960000000000036
2023-11-14,2053.65,2064.96,1936.6,1979.39,481909.733,2023-11-14 23:59:59.999,972032428.32657300,884487,227697.39860000,459505858.16015600,0,2000.78,-74.25999999999999
2023-11-15,1979.4,2062.4,1967.01,2058.48,421870.8032,2023-11-15 23:59:59.999,847945999.66400000,731745,214270.80550000,430649792.14313200,0,2014.705,79.07999999999993
2023-11-16,2058.49,2090.4,1939.1,1961.77,545286.1297,2023-11-16 23:59:59.999,1101174547.30860900,991673,258249.24060000,521815881.91400900,0,2014.75,-96.7199999999998
2023-11-17,1961.77,1991.5,1904.0,1960.82,401100.5069,2023-11-17 23:59:59.999,783561858.01188900,788071,190084.30410000,371312547.95541200,0,1947.75,-0.9500000000000455
2023-11-18,1960.82,1971.22,1916.0,1962.6,279368.2208,2023-11-18 23:59:59.999,543924395.73302800,535494,125794.98940000,245020429.99701000,0,1943.6100000000001,1.7799999999999727
2023-11-19,1962.59,2015.75,1942.89,2011.47,251132.6192,2023-11-19 23:59:59.999,494600634.89114600,506631,126144.44170000,248644868.45796300,0,1979.3200000000002,48.88000000000011
2023-11-20,2011.47,2066.4,1990.0,2021.4,421717.679,2023-11-20 23:59:59.999,854002757.45117200,751621,202758.58950000,410688842.47982300,0,2028.2,9.930000000000064
2023-11-21,2021.41,2034.6,1931.43,1933.01,490163.9863,2023-11-21 23:59:59.999,974304142.39717400,888864,228457.66450000,454169629.26029600,0,1983.0149999999999,-88.40000000000009
2023-11-22,1933.01,2092.46,1928.41,2063.21,466120.5109,2023-11-22 23:59:59.999,943776525.65738000,796700,230629.99370000,466898382.31101400,0,2010.435,130.20000000000005
2023-11-23,2063.22,2088.94,2040.35,2062.2,250960.6958,2023-11-23 23:59:59.999,517482313.45225600,527877,125214.91690000,258240481.04709900,0,2064.645,-1.0199999999999818
2023-11-24,2062.21,2133.02,2059.37,2080.84,426932.5402,2023-11-24 23:59:59.999,894370772.51811400,672044,209685.71700000,439269617.03678300,0,2096.1949999999997,18.63000000000011
2023-11-25,2080.84,2090.54,2065.3,2083.09,138847.393,2023-11-25 23:59:59.999,288887833.97800400,350920,69009.33430000,143596956.95353100,0,2077.92,2.25
2023-11-26,2083.1,2094.99,2036.42,2062.33,241262.9136,2023-11-26 23:59:59.999,499314260.83391500,510922,118774.15090000,245826217.30275600,0,2065.705,-20.769999999999982
2023-11-27,2062.34,2071.24,1985.78,2027.5,326073.2298,2023-11-27 23:59:59.999,660673302.74006000,622522,159492.23910000,323207766.23646300,0,2028.5099999999998,-34.840000000000146
2023-11-28,2027.5,2075.0,1995.15,2048.14,283775.9279,2023-11-28 23:59:59.999,578404413.95846800,606358,146633.56520000,298858840.66262700,0,2035.075,20.639999999999873
2023-11-29,2048.14,2075.7,2019.31,2028.81,254843.7319,2023-11-29 23:59:59.999,521225853.33225000,503614,125984.04410000,257660016.09729500,0,2047.5049999999999,-19.329999999999927
2023-11-30,2028.8,2054.75,2020.85,2051.96,243680.0921,2023-11-30 23:59:59.999,496360388.66638500,458227,123357.98750000,251301504.63400300,0,2037.8,23.160000000000082
2023-12-01,2051.95,2110.87,2045.04,2087.24,372645.586,2023-12-01 23:59:59.999,778670941.03376000,598646,193580.10240000,404463202.52867400,0,2077.955,35.289999999999964
2023-12-02,2087.24,2186.6,2086.25,2164.74,320979.9768,2023-12-02 23:59:59.999,684434398.68424500,618401,177507.90650000,378562669.28843400,0,2136.425,77.5
2023-12-03,2164.75,2217.27,2149.0,2192.95,257879.1136,2023-12-03 23:59:59.999,560343820.02850900,556948,135206.30790000,293879684.38655900,0,2183.135,28.199999999999818
2023-12-04,2192.96,2274.28,2191.0,2243.37,565307.7134,2023-12-04 23:59:59.999,1263069834.20861200,980117,283090.74670000,632410939.65829000,0,2232.6400000000003,50.409999999999854
2023-12-05,2243.36,2309.72,2188.33,2293.33,529829.7214,2023-12-05 23:59:59.999,1190597719.19322700,1018557,272102.51620000,611589710.74711000,0,2249.0249999999996,49.9699999999998
2023-12-06,2293.33,2312.23,2220.0,2232.7,408338.9056,2023-12-06 23:59:59.999,925926168.10934200,842212,201586.64380000,457181711.84181900,0,2266.115,-60.63000000000011
2023-12-07,2232.7,2382.8,2222.0,2355.73,485190.0609,2023-12-07 23:59:59.999,1115389522.52305300,921917,253392.50300000,582277684.03791300,0,2302.4,123.0300000000002
2023-12-08,2355.74,2392.0,2336.34,2358.72,378569.8126,2023-12-08 23:59:59.999,893841920.83732000,713431,188434.41100000,444945340.37882700,0,2364.17,2.980000000000018
2023-12-09,2358.71,2403.0,2328.01,2340.49,287771.0664,2023-12-09 23:59:59.999,679437458.93125400,648813,143129.42620000,338059268.85995200,0,2365.505,-18.220000000000255
2023-12-10,2340.48,2377.47,2320.0,2352.39,200037.2102,2023-12-10 23:59:59.999,469860963.94715300,464455,98846.24030000,232231421.44970500,0,2348.7349999999997,11.909999999999854
2023-12-11,2352.39,2355.0,2156.62,2225.12,640414.9166,2023-12-11 23:59:59.999,1426910964.96622000,1153316,310376.71830000,691367771.31758400,0,2255.81,-127.26999999999998
2023-12-12,2225.11,2244.12,2166.0,2203.46,361588.9087,2023-12-12 23:59:59.999,799015127.41497400,804062,174479.15720000,385626460.74170900,0,2205.06,-21.65000000000009
2023-12-13,2203.47,2284.02,2144.32,2260.16,418916.6154,2023-12-13 23:59:59.999,922420273.94725300,897019,208136.21200000,458517097.43953700,0,2214.17,56.690000000000055
2023-12-14,2260.16,2332.11,2228.2,2315.32,409508.0931,2023-12-14 23:59:59.999,934716057.65086400,918965,199995.25980000,456684016.25940700,0,2280.1549999999997,55.16000000000031
2023-12-15,2315.32,2317.81,2200.0,2220.5,333552.6328,2023-12-15 23:59:59.999,754022987.24772200,714102,158002.09790000,357145001.64517100,0,2258.9049999999997,-94.82000000000016
2023-12-16,2220.51,2263.4,2210.0,2228.96,199285.923,2023-12-16 23:59:59.999,446980227.08283500,528692,102517.14940000,229991096.38707800,0,2236.7,8.449999999999818
2023-12-17,2228.96,2248.68,2191.5,2196.52,225925.7675,2023-12-17 23:59:59.999,501306718.24280800,531241,110196.73310000,244591673.21800200,0,2220.09,-32.440000000000055
2023-12-18,2196.53,2224.0,2116.6,2219.43,364103.1181,2023-12-18 23:59:59.999,789100505.03171100,769310,185328.36640000,401777681.85963600,0,2170.3,22.899999999999636
2023-12-19,2219.44,2255.0,2135.55,2177.91,383551.4049,2023-12-19 23:59:59.999,847060839.70839800,786067,199184.67690000,440190473.49901500,0,2195.275,-41.5300000000002
2023-12-20,2177.9,2266.0,2156.0,2202.17,416841.6272,2023-12-20 23:59:59.999,922794580.70340200,867198,217937.72750000,482487428.03181000,0,2211.0,24.269999999999982
2023-12-21,2202.17,2279.31,2182.98,2239.61,453069.7252,2023-12-21 23:59:59.999,1010354340.13579900,848508,231043.88830000,515263188.51310800,0,2231.145,37.440000000000055
2023-12-22,2239.6,2343.15,2230.59,2324.54,591357.488,2023-12-22 23:59:59.999,1358322906.95807800,1124820,304284.72800000,698670214.94879500,0,2286.87,84.94000000000005
2023-12-23,2324.54,2330.65,2265.0,2308.2,255626.9352,2023-12-23 23:59:59.999,586078143.24207900,588229,125338.90030000,287364940.98055700,0,2297.825,-16.340000000000146
2023-12-24,2308.2,2326.19,2245.0,2264.05,307951.076,2023-12-24 23:59:59.999,705420988.78504000,711200,149344.80480000,342167364.79642400,0,2285.5950000000003,-44.149999999999636
2023-12-25,2264.04,2304.8,2253.1,2271.35,286277.1616,2023-12-25 23:59:59.999,652158658.25835100,613108,142610.65470000,324881292.11961500,0,2278.95,7.309999999999945
2023-12-26,2271.36,2274.99,2178.45,2230.88,410413.1591,2023-12-26 23:59:59.999,916097827.49845000,701701,204347.73880000,456146429.33845700,0,2226.72,-40.48000000000002
2023-12-27,2230.88,2392.44,2211.88,2378.35,541537.3574,2023-12-27 23:59:59.999,1250873719.55066100,978666,275739.28200000,637066006.82783400,0,2302.16,147.4699999999998
2023-12-28,2378.35,2445.8,2335.0,2344.15,580459.982,2023-12-28 23:59:59.999,1385456486.28619100,1241094,286686.85360000,684383781.91887600,0,2390.4,-34.19999999999982
2023-12-29,2344.15,2385.41,2255.34,2299.2,450201.2069,2023-12-29 23:59:59.999,1049566350.12220900,990308,220819.11790000,515080529.83158400,0,2320.375,-44.95000000000027
2023-12-30,2299.2,2322.84,2268.0,2291.68,210539.1327,2023-12-30 23:59:59.999,483369913.47884600,555932,104439.50030000,239815289.25653100,0,2295.42,-7.519999999999982
2023-12-31,2291.68,2321.34,2258.88,2281.87,222175.8779,2023-12-31 23:59:59.999,510046689.18739600,548848,109570.80690000,251574412.24206300,0,2290.11,-9.809999999999945
2024-01-01,2281.87,2352.37,2265.24,2352.04,216702.6914,2024-01-01 23:59:59.999,500451219.61280600,536670,112374.43700000,259588575.40024500,0,2308.805,70.17000000000007
2024-01-02,2352.05,2431.3,2341.0,2355.34,458041.6642,2024-01-02 23:59:59.999,1090922198.04909100,1028335,223746.24220000,532982278.47975200,0,2386.15,3.2899999999999636
2024-01-03,2355.35,2385.45,2100.0,2209.72,798729.4869,2024-01-03 23:59:59.999,1797597895.17990400,1351067,401227.76080000,903126257.91575700,0,2242.725,-145.6300000000001
2024-01-04,2209.72,2294.69,2201.91,2267.11,448844.055,2024-01-04 23:59:59.999,1009072619.20677300,780771,234794.62830000,527905592.14952300,0,2248.3,57.39000000000033
2024-01-05,2267.11,2277.21,2206.17,2268.78,405568.0006,2024-01-05 23:59:59.999,910367621.18166200,758963,213615.44270000,479634490.30828000,0,2241.69,1.6700000000000728
2024-01-06,2268.78,2270.0,2216.4,2240.78,194067.8656,2024-01-06 23:59:59.999,434867515.95915700,450441,96482.41730000,216188633.00675600,0,2243.2,-28.0
2024-01-07,2240.77,2258.01,2203.46,2221.42,207138.6927,2024-01-07 23:59:59.999,463525159.25742900,516569,102848.67020000,230218378.95440000,0,2230.735,-19.34999999999991
2024-01-08,2221.42,2358.2,2166.38,2330.44,539407.5547,2024-01-08 23:59:59.999,1221527410.44082200,1069027,279216.73100000,632217788.55808000,0,2262.29,109.01999999999998
2024-01-09,2330.43,2371.72,2226.78,2344.29,551454.9931,2024-01-09 23:59:59.999,1267764132.83607700,1196445,273075.88920000,627991032.60132400,0,2299.25,13.860000000000127
2024-01-10,2344.3,2643.1,2339.59,2584.38,1038388.666,2024-01-10 23:59:59.999,2536320982.38854300,2010707,535126.43720000,1307342421.54056900,0,2491.3450000000003,240.07999999999993
2024-01-11,2584.37,2689.39,2566.01,2618.01,838712.2577,2024-01-11 23:59:59.999,2194916359.19164600,1693755,422894.05640000,1106947875.84467300,0,2627.7,33.64000000000033
2024-01-12,2618.01,2717.32,2458.0,2522.54,887457.7627,2024-01-12 23:59:59.999,2318179618.08691200,1860636,438363.57200000,1145981221.30549400,0,2587.66,-95.47000000000025
2024-01-13,2522.55,2590.0,2497.5,2578.19,422061.232,2024-01-13 23:59:59.999,1075466481.72042000,898845,218172.40570000,556065721.44368000,0,2543.75,55.63999999999987
2024-01-14,2578.18,2578.69,2470.0,2472.87,306207.7463,2024-01-14 23:59:59.999,774962904.80711700,732294,144164.47900000,364865278.47385700,0,2524.3450000000003,-105.30999999999995
2024-01-15,2472.87,2553.82,2470.92,2511.78,315247.8819,2024-01-15 23:59:59.999,793871974.87160100,789378,159083.43660000,400685806.64176400,0,2512.37,38.91000000000031
2024-01-16,2511.79,2614.43,2500.05,2587.4,381077.6247,2024-01-16 23:59:59.999,972060398.77460000,1140088,201471.81520000,514039096.29154800,0,2557.24,75.61000000000013
2024-01-17,2587.41,2592.97,2506.75,2530.19,366281.3477,2024-01-17 23:59:59.999,933809190.34820800,1140624,180607.81460000,460417669.70201800,0,2549.8599999999997,-57.2199999999998
2024-01-18,2530.2,2550.0,2428.56,2470.81,452090.1074,2024-01-18 23:59:59.999,1129803152.91478800,894355,213299.17890000,533210494.56816800,0,2489.2799999999997,-59.38999999999987
2024-01-19,2470.81,2504.2,2415.2,2492.0,424209.0029,2024-01-19 23:59:59.999,1047352971.89337000,855044,206802.95850000,510669928.42324200,0,2459.7,21.190000000000055
2024-01-20,2491.99,2492.0,2454.2,2472.01,136620.9577,2024-01-20 23:59:59.999,337794603.14760000,418938,64429.72620000,159284530.83930200,0,2473.1,-19.979999999999563
2024-01-21,2472.02,2482.18,2452.13,2457.05,122572.1687,2024-01-21 23:59:59.999,303022758.72808200,360446,61174.35550000,151252878.97845200,0,2467.1549999999997,-14.9699999999998
2024-01-22,2457.06,2466.1,2303.59,2314.2,526337.6492,2024-01-22 23:59:59.999,1252505758.32290400,933793,245492.64200000,584077487.05425800,0,2384.8450000000003,-142.86000000000013
2024-01-23,2314.19,2352.23,2168.07,2242.6,700105.3314,2024-01-23 23:59:59.999,1568448812.43809000,1204183,342792.23580000,768007673.88793500,0,2260.15,-71.59000000000015
2024-01-24,2242.6,2264.6,2196.12,2235.02,359851.1496,2024-01-24 23:59:59.999,802477123.10851500,801012,175571.10550000,391550218.45457200,0,2230.3599999999997,-7.579999999999927
2024-01-25,2235.02,2242.89,2171.3,2218.64,330426.6061,2024-01-25 23:59:59.999,731016014.38228900,756164,167421.81490000,370422421.76426600,0,2207.0950000000003,-16.38000000000011
2024-01-26,2218.64,2282.36,2195.84,2267.68,363566.4255,2024-01-26 23:59:59.999,815753832.16317100,823603,182453.18340000,409362536.72305900,0,2239.1000000000004,49.039999999999964
2024-01-27,2267.67,2282.94,2251.4,2267.94,145109.3836,2024-01-27 23:59:59.999,329102144.45981500,416970,71016.41810000,161066722.42544700,0,2267.17,0.2699999999999818
2024-01-28,2267.94,2308.24,2239.89,2256.9,209326.9087,2024-01-28 23:59:59.999,476534769.15889200,566626,104154.04960000,237191132.09913600,0,2274.0649999999996,-11.039999999999964
2024-01-29,2256.9,2322.34,2233.8,2317.6,305528.0776,2024-01-29 23:59:59.999,696374288.61947300,681798,162757.94930000,370938691.79153600,0,2278.07,60.69999999999982
2024-01-30,2317.61,2391.98,2297.0,2343.01,372879.5791,2024-01-30 23:59:59.999,871148737.16665800,770660,183075.94900000,427968852.78869700,0,2344.49,25.40000000000009
2024-01-31,2343.0,2351.6,2263.57,2283.14,397116.1859,2024-01-31 23:59:59.999,920131584.29010400,922884,190645.60670000,441780164.05471900,0,2307.585,-59.86000000000013
2024-02-01,2283.15,2311.72,2240.0,2304.28,310997.4538,2024-02-01 23:59:59.999,708868445.04675500,779472,158219.25580000,360682829.63350700,0,2275.8599999999997,21.13000000000011
2024-02-02,2304.28,2324.74,2281.94,2309.06,238230.511,2024-02-02 23:59:59.999,549302201.69764200,574621,124140.55470000,286293198.37916000,0,2303.34,4.779999999999745
2024-02-03,2309.07,2329.98,2292.75,2296.49,133232.845,2024-02-03 23:59:59.999,307866239.18644200,397464,67739.16040000,156542429.20219000,0,2311.365,-12.580000000000382
2024-02-04,2296.5,2311.0,2266.0,2289.79,171232.0444,2024-02-04 23:59:59.999,393039532.45206800,506684,86355.84790000,198240508.08091100,0,2288.5,-6.710000000000036
2024-02-05,2289.79,2338.41,2269.11,2301.83,236610.412,2024-02-05 23:59:59.999,545576620.00256500,730863,119477.20730000,275457076.81283000,0,2303.76,12.039999999999964
2024-02-06,2301.84,2392.4,2299.0,2372.64,368942.7498,2024-02-06 23:59:59.999,864113645.78768100,861796,194747.05030000,455966832.43351500,0,2345.7,70.79999999999973
2024-02-07,2372.63,2444.44,2354.0,2425.1,342791.7013,2024-02-07 23:59:59.999,820475884.30352100,860357,170845.03340000,409066707.64434600,0,2399.2200000000003,52.4699999999998
2024-02-08,2425.09,2463.15,2411.01,2419.55,338040.0539,2024-02-08 23:59:59.999,821961943.65209600,894102,171666.22000000,417466887.60629000,0,2437.08,-5.539999999999964
2024-02-09,2419.56,2525.0,2419.16,2486.56,492384.385,2024-02-09 23:59:59.999,1222635531.62879300,1134276,267424.63820000,663906268.87270700,0,2472.08,67.0
2024-02-10,2486.56,2516.45,2471.57,2500.24,185099.59,2024-02-10 23:59:59.999,461966177.39475600,622723,92100.74680000,229916992.53344300,0,2494.01,13.679999999999836
2024-02-11,2500.24,2539.63,2493.45,2507.21,219975.1471,2024-02-11 23:59:59.999,553430378.32506900,711081,108625.54970000,273332221.82282900,0,2516.54,6.970000000000255
2024-02-12,2507.22,2665.58,2472.0,2659.99,449501.776,2024-02-12 23:59:59.999,1152087242.12635800,1019390,234514.58820000,600948748.23949700,0,2568.79,152.76999999999998
2024-02-13,2659.99,2686.12,2590.0,2639.99,502447.745,2024-02-13 23:59:59.999,1328138932.92916900,1044885,251035.41080000,663739320.80016200,0,2638.06,-20.0
2024-02-14,2639.99,2786.0,2618.4,2774.81,461670.6944,2024-02-14 23:59:59.999,1258639954.54766500,1090412,239546.56980000,653095961.20462500,0,2702.2,134.82000000000016
2024-02-15,2774.8,2867.65,2759.25,2822.59,481689.1874,2024-02-15 23:59:59.999,1353587492.51477500,1347619,243023.63420000,682988254.22000400,0,2813.45,47.789999999999964
2024-02-16,2822.58,2857.4,2740.0,2801.8,378070.8037,2024-02-16 23:59:59.999,1062271564.48786000,1123447,185179.05050000,520346616.72079800,0,2798.7,-20.779999999999745
2024-02-17,2801.81,2804.21,2719.01,2785.93,243302.8759,2024-02-17 23:59:59.999,673711593.25171300,969157,119901.82840000,332078826.68692700,0,2761.61,-15.88000000000011
2024-02-18,2785.92,2895.0,2764.25,2881.2,367987.8833,2024-02-18 23:59:59.999,1037802342.59328700,1311570,195921.89910000,552680229.20223500,0,2829.625,95.27999999999975
2024-02-19,2881.2,2984.52,2856.93,2944.8,446451.0401,2024-02-19 23:59:59.999,1302430726.12966100,1539410,227406.12000000,663377285.58220500,0,2920.725,63.600000000000364
2024-02-20,2944.8,3033.09,2874.56,3014.81,634681.7471,2024-02-20 23:59:59.999,1868745481.64754900,1517960,326652.00620000,962250454.92416700,0,2953.825,70.00999999999976
2024-02-21,3014.81,3017.15,2868.0,2967.9,595955.0033,2024-02-21 23:59:59.999,1746960179.79394000,1256455,304412.85950000,892448097.68690600,0,2942.575,-46.909999999999854
2024-02-22,2967.91,3036.02,2906.51,2971.4,563525.9936,2024-02-22 23:59:59.999,1676206889.45140500,1205856,287462.40820000,855123373.24319600,0,2971.2650000000003,3.4900000000002365
2024-02-23,2971.4,2993.8,2906.05,2922.24,428826.5787,2024-02-23 23:59:59.999,1261137725.51195200,1003464,213798.49070000,628768240.52667000,0,2949.925,-49.16000000000031
2024-02-24,2922.25,3007.48,2906.4,2992.62,243854.0783,2024-02-24 23:59:59.999,721993808.56619300,718718,129344.76130000,382999668.62912800,0,2956.94,70.36999999999989
2024-02-25,2992.62,3122.0,2983.61,3112.59,412306.2237,2024-02-25 23:59:59.999,1257766106.54629900,1085332,214481.50730000,654277370.55054800,0,3052.8050000000003,119.97000000000025
2024-02-26,3112.6,3196.0,3036.59,3175.94,546722.7747,2024-02-26 23:59:59.999,1703165045.24149200,1391934,261235.60850000,814240988.84789700,0,3116.295,63.340000000000146
2024-02-27,3175.95,3288.14,3160.02,3242.36,625939.1221,2024-02-27 23:59:59.999,2025805516.97493300,1676466,313778.34230000,1015674724.02560100,0,3224.08,66.41000000000031
2024-02-28,3242.35,3488.0,3176.16,3383.1,947538.766,2024-02-28 23:59:59.999,3153201034.91476300,2442603,475465.52590000,1583075300.15767100,0,3332.08,140.75
2024-02-29,3383.11,3522.81,3300.0,3340.09,759698.1123,2024-02-29 23:59:59.999,2608623102.49017000,2112875,391723.24190000,1346123911.22761600,0,3411.4049999999997,-43.01999999999998
2024-03-01,3340.1,3450.0,3338.54,3433.43,412788.5773,2024-03-01 23:59:59.999,1405295834.57269400,1263130,199773.66220000,680364451.59478500,0,3394.27,93.32999999999993
2024-03-02,3433.42,3460.04,3390.01,3421.4,283984.9448,2024-03-02 23:59:59.999,971756920.45120900,926113,138242.27780000,473033589.27969500,0,3425.025,-12.019999999999982
2024-03-03,3421.39,3491.8,3360.0,3487.81,341631.531,2024-03-03 23:59:59.999,1172272660.98449000,1116823,168839.16330000,579484704.66524300,0,3425.9,66.42000000000007
2024-03-04,3487.8,3640.94,3423.78,3627.76,715360.6361,2024-03-04 23:59:59.999,2526905041.93919000,1953764,355054.02440000,1255112595.62117600,0,3532.36,139.96000000000004
2024-03-05,3627.75,3822.04,3200.0,3553.65,1392904.864,2024-03-05 23:59:59.999,5043847679.68348000,3265582,683199.44230000,2476743374.29051500,0,3511.02,-74.09999999999991
2024-03-06,3553.66,3900.0,3499.4,3818.59,969494.71,2024-03-06 23:59:59.999,3652250924.27773700,2555462,479721.07800000,1807560970.84809900,0,3699.7,264.9300000000003
2024-03-07,3818.58,3933.81,3735.0,3868.76,540780.675,2024-03-07 23:59:59.999,2067607917.44370900,1636716,272250.41110000,1041269288.71933800,0,3834.4049999999997,50.18000000000029
2024-03-08,3868.76,3993.75,3820.0,3883.36,646399.2589,2024-03-08 23:59:59.999,2534209920.00556500,1657141,322673.29910000,1265164190.07271500,0,3906.875,14.599999999999909
2024-03-09,3883.37,3942.0,3870.01,3905.21,254839.1386,2024-03-09 23:59:59.999,995823688.31355300,819335,128650.61440000,502755116.16450300,0,3906.005,21.840000000000146
2024-03-10,3905.2,3964.67,3791.26,3878.47,356664.68,2024-03-10 23:59:59.999,1393415653.98342000,1195480,170475.83890000,666139346.30435300,0,3877.965,-26.730000000000018
2024-03-11,3878.47,4086.23,3722.95,4064.8,721554.5139,2024-03-11 23:59:59.999,2874119154.30335900,1894504,332359.66550000,1322703936.94677500,0,3904.59,186.33000000000038
2024-03-12,4064.8,4093.92,3828.98,3979.96,632787.3941,2024-03-12 23:59:59.999,2522475873.08181000,1878541,317065.07300000,1263946890.58018300,0,3961.45,-84.84000000000015
2024-03-13,3979.97,4083.0,3932.23,4004.79,482305.7766,2024-03-13 23:59:59.999,1933909390.30212400,1536498,246106.07390000,986890622.14806200,0,4007.615,24.820000000000164
2024-03-14,4004.79,4010.98,3723.0,3881.7,648237.5245,2024-03-14 23:59:59.999,2520007951.69120000,1919963,314205.63220000,1221942698.65234600,0,3866.99,-123.09000000000015
2024-03-15,3881.69,3934.02,3570.0,3742.19,947537.4071,2024-03-15 23:59:59.999,3513477459.32044900,2487337,465197.94890000,1725903963.68835700,0,3752.01,-139.5
2024-03-16,3742.19,3781.12,3468.8,3523.09,548288.1569,2024-03-16 23:59:59.999,1999176881.31261500,1798939,262005.60190000,956602039.48655800,0,3624.96,-219.0999999999999
2024-03-17,3523.09,3678.68,3412.0,3644.71,517790.9936,2024-03-17 23:59:59.999,1843487764.62131400,1721355,255961.30400000,911579392.35715800,0,3545.34,121.61999999999989
2024-03-18,3644.7,3645.02,3454.09,3520.46,570901.2851,2024-03-18 23:59:59.999,2029690613.72146200,1906387,273425.62550000,972198172.92853300,0,3549.5550000000003,-124.23999999999978
2024-03-19,3520.47,3548.09,3150.88,3158.64,1049629.6936,2024-03-19 23:59:59.999,3474307712.27645600,2647385,486413.34360000,1610306786.63624400,0,3349.485,-361.8299999999999
2024-03-20,3158.65,3535.24,3056.56,3516.53,1207322.8201,2024-03-20 23:59:59.999,3957251428.89904100,2987953,589456.89720000,1933803131.47832000,0,3295.8999999999996,357.8800000000001
2024-03-21,3516.53,3587.32,3412.0,3492.85,602755.2072,2024-03-21 23:59:59.999,2114084858.15653500,1791989,295366.00080000,1035991329.66088000,0,3499.66,-23.68000000000029
2024-03-22,3492.84,3542.52,3250.0,3336.35,558848.888,2024-03-22 23:59:59.999,1891771641.01900700,1747756,278223.99010000,942265836.84989100,0,3396.26,-156.49000000000024
2024-03-23,3336.35,3435.48,3270.08,3329.53,323675.9448,2024-03-23 23:59:59.999,1089778379.60122900,1129683,154840.95290000,521336391.12800600,0,3352.7799999999997,-6.819999999999709
2024-03-24,3329.53,3471.22,3298.76,3454.98,260824.1408,2024-03-24 23:59:59.999,879033073.03145400,1090982,131855.25550000,444714434.07356100,0,3384.99,125.44999999999982
2024-03-25,3454.99,3666.0,3420.12,3590.42,548577.6942,2024-03-25 23:59:59.999,1945377748.66027000,1610130,294233.11020000,1043376714.76068300,0,3543.06,135.4300000000003
2024-03-26,3590.43,3678.86,3542.62,3587.33,499013.8384,2024-03-26 23:59:59.999,1800812035.84622400,1373691,232584.36360000,838803442.55084500,0,3610.74,-3.099999999999909
2024-03-27,3587.32,3665.84,3460.02,3501.19,443195.3297,2024-03-27 23:59:59.999,1576098628.30797600,1436593,215695.79830000,767206050.83583600,0,3562.9300000000003,-86.13000000000011
2024-03-28,3501.2,3611.78,3465.0,3560.49,404654.0311,2024-03-28 23:59:59.999,1436630524.62304300,1158353,206071.37730000,731610238.59360200,0,3538.3900000000003,59.289999999999964
2024-03-29,3560.49,3584.37,3445.91,3509.74,323086.179,2024-03-29 23:59:59.999,1138548291.15838700,951744,153989.35510000,543117114.81437500,0,3515.14,-50.75
2024-03-30,3509.74,3565.81,3485.0,3505.64,216025.2634,2024-03-30 23:59:59.999,759625521.45189200,750249,113298.41580000,398420911.34965000,0,3525.4049999999997,-4.099999999999909
2024-03-31,3505.65,3655.32,3505.09,3645.29,243464.9877,2024-03-31 23:59:59.999,878141654.34598200,722927,128657.58320000,463986951.49486600,0,3580.205,139.63999999999987
2024-04-01,3645.29,3645.95,3413.71,3503.8,408854.1225,2024-04-01 23:59:59.999,1437691729.03231400,1115133,195398.26160000,687310223.77546700,0,3529.83,-141.48999999999978
2024-04-02,3503.8,3505.6,3212.0,3278.96,623264.6476,2024-04-02 23:59:59.999,2068004456.06282300,1581408,301656.62520000,1000777383.27724900,0,3358.8,-224.84000000000015
2024-04-03,3278.96,3367.4,3202.79,3310.83,410484.1933,2024-04-03 23:59:59.999,1358993604.79861500,1113644,203085.14790000,672512688.07080700,0,3285.0950000000003,31.86999999999989
2024-04-04,3310.83,3443.93,3250.92,3327.4,356338.5716,2024-04-04 23:59:59.999,1187792289.21437100,965695,172474.35660000,575142238.42727000,0,3347.425,16.570000000000164
2024-04-05,3327.39,3350.0,3210.0,3317.85,344556.7983,2024-04-05 23:59:59.999,1132252495.88912400,854139,170435.77660000,560317623.71712600,0,3280.0,-9.539999999999964
2024-04-06,3317.85,3398.42,3306.68,3351.59,183312.2125,2024-04-06 23:59:59.999,612681489.14895400,549985,88419.09800000,295511518.81945200,0,3352.55,33.74000000000024
2024-04-07,3351.59,3459.94,3344.08,3454.2,210459.0752,2024-04-07 23:59:59.999,715174110.57383500,748530,105736.65480000,359423500.72974000,0,3402.01,102.60999999999967
2024-04-08,3454.2,3730.71,3406.36,3694.61,496841.3532,2024-04-08 23:59:59.999,1787240600.80865700,1333378,278914.02330000,1002520506.69926300,0,3568.535,240.4100000000003
2024-04-09,3694.61,3727.34,3450.46,3506.39,457592.252,2024-04-09 23:59:59.999,1643610851.75092000,1046479,220547.08930000,791949096.35967700,0,3588.9,-188.22000000000025
2024-04-10,3506.4,3562.95,3411.82,3545.64,389404.9055,2024-04-10 23:59:59.999,1361401195.43178500,915957,192647.04400000,673705538.77826900,0,3487.385,39.23999999999978
2024-04-11,3545.64,3618.3,3474.52,3502.52,338139.5534,2024-04-11 23:59:59.999,1197654094.44620700,890107,165840.84360000,587427817.31228900,0,3546.41,-43.11999999999989
2024-04-12,3502.52,3552.4,3100.0,3237.43,697327.1174,2024-04-12 23:59:59.999,2328197177.42049500,1423600,330495.31490000,1105188365.98685800,0,3326.2,-265.09000000000015
2024-04-13,3237.42,3301.9,2852.0,3007.01,994971.2354,2024-04-13 23:59:59.999,3066250202.83582600,2037632,462824.48330000,1424811475.09485000,0,3076.95,-230.40999999999985
2024-04-14,3007.01,3174.23,2906.73,3155.11,737580.4666,2024-04-14 23:59:59.999,2244354713.13561600,1680666,371070.36530000,1128957864.66517200,0,3040.48,148.0999999999999
2024-04-15,3155.11,3277.85,3023.19,3101.99,605430.8863,2024-04-15 23:59:59.999,1911310147.23066300,1540774,291924.74400000,921674901.56819200,0,3150.52,-53.120000000000346
2024-04-16,3102.0,3128.01,2986.0,3084.22,526113.855,2024-04-16 23:59:59.999,1610290812.17309500,1461779,253281.27950000,775556508.63804200,0,3057.005,-17.7800000000002
2024-04-17,3084.21,3123.75,2914.47,2985.41,491897.5661,2024-04-17 23:59:59.999,1483253378.35815800,1348404,251660.72620000,759106689.98242100,0,3019.1099999999997,-98.80000000000018
2024-04-18,2985.41,3094.4,2950.98,3064.4,389060.7133,2024-04-18 23:59:59.999,1177977125.35813900,1168254,205229.85030000,621538711.14050200,0,3022.69,78.99000000000024
2024-04-19,3064.4,3128.89,2865.18,3056.46,607850.4019,2024-04-19 23:59:59.999,1843119282.76954900,1465901,307900.17740000,934301492.39758900,0,2997.035,-7.940000000000055
2024-04-20,3056.45,3171.88,3018.75,3155.79,242577.6371,2024-04-20 23:59:59.999,749727918.39625800,812118,124363.79080000,384439163.55444700,0,3095.315,99.34000000000015
2024-04-21,3155.79,3197.18,3116.49,3147.67,219970.5072,2024-04-21 23:59:59.999,694988777.19102400,767260,112675.88850000,356074084.71209300,0,3156.835,-8.11999999999989
2024-04-22,3147.66,3235.0,3129.15,3200.2,290879.9569,2024-04-22 23:59:59.999,928957385.38023000,993579,154288.59180000,492830847.64483600,0,3182.075,52.539999999999964
2024-04-23,3200.19,3263.61,3152.0,3219.46,253914.2263,2024-04-23 23:59:59.999,813798516.32038600,844893,130572.45640000,418614329.14076600,0,3207.8050000000003,19.269999999999982
2024-04-24,3219.46,3293.56,3104.9,3140.8,393314.3414,2024-04-24 23:59:59.999,1261617674.78529500,1130370,194455.12720000,623756637.15722200,0,3199.23,-78.65999999999985
2024-04-25,3140.79,3191.64,3072.2,3155.8,352288.5502,2024-04-25 23:59:59.999,1104939534.27499700,861077,181392.80070000,568945918.81937700,0,3131.92,15.010000000000218
2024-04-26,3155.81,3167.7,3102.0,3131.3,252522.655,2024-04-26 23:59:59.999,792255507.86255800,628635,127753.63760000,400872715.70927400,0,3134.85,-24.509999999999764
2024-04-27,3131.3,3285.0,3066.74,3255.56,323811.1919,2024-04-27 23:59:59.999,1027413859.24945700,734026,174549.39360000,553988783.95665500,0,3175.87,124.25999999999976
2024-04-28,3255.55,3357.4,3250.45,3263.45,304766.009,2024-04-28 23:59:59.999,1006628332.29004500,753239,157192.41940000,519222579.01955400,0,3303.925,7.899999999999636
2024-04-29,3263.44,3286.95,3115.13,3216.73,421831.2912,2024-04-29 23:59:59.999,1345237182.55342900,943719,211216.56130000,673542868.96057100,0,3201.04,-46.710000000000036
2024-04-30,3216.74,3250.95,2921.0,3014.05,561717.4866,2024-04-30 23:59:59.999,1710124473.49570300,1292873,267662.56490000,814867898.87844900,0,3085.975,-202.6899999999996
2024-05-01,3014.04,3023.24,2817.0,2972.46,624963.7773,2024-05-01 23:59:59.999,1827523436.86029300,1365039,303494.86740000,887304179.09162000,0,2920.12,-41.57999999999993
2024-05-02,2972.46,3016.72,2893.26,2986.19,365939.7191,2024-05-02 23:59:59.999,1084862887.84794300,880167,200507.61300000,594224560.68736500,0,2954.99,13.730000000000018
2024-05-03,2986.19,3126.99,2958.32,3102.61,355825.8391,2024-05-03 23:59:59.999,1081409861.15412300,859542,186728.46230000,567590125.82831100,0,3042.6549999999997,116.42000000000007
2024-05-04,3102.61,3168.0,3092.85,3117.23,196263.9488,2024-05-04 23:59:59.999,613297368.10061800,575026,100770.98200000,314978702.10546600,0,3130.425,14.61999999999989
2024-05-05,3117.24,3171.93,3072.99,3136.41,218760.2662,2024-05-05 23:59:59.999,684143592.81457900,600693,115269.44800000,360512833.29317300,0,3122.46,19.170000000000073
2024-05-06,3136.4,3221.4,3046.35,3062.6,355135.3027,2024-05-06 23:59:59.999,1111315631.57641400,873200,172864.43340000,541369437.88073600,0,3133.875,-73.80000000000018
2024-05-07,3062.59,3129.85,2998.0,3005.69,298796.6829,2024-05-07 23:59:59.999,917252045.68820300,815246,139762.85080000,429359938.30876500,0,3063.925,-56.90000000000009
2024-05-08,3005.69,3038.15,2936.48,2974.21,266934.8125,2024-05-08 23:59:59.999,800460076.63566700,830635,133303.12380000,399808582.39447700,0,2987.315,-31.480000000000018
2024-05-09,2974.2,3059.0,2950.77,3036.23,238561.7462,2024-05-09 23:59:59.999,715090822.07620500,686147,122805.92150000,368133010.88995100,0,3004.885,62.0300000000002
2024-05-10,3036.24,3053.89,2878.03,2909.99,327855.8758,2024-05-10 23:59:59.999,972264869.49205000,891040,154417.06720000,458374734.95848200,0,2965.96,-126.25
2024-05-11,2909.98,2945.67,2886.46,2912.45,138163.1087,2024-05-11 23:59:59.999,402989065.56622900,466357,68667.22240000,200322136.66970100,0,2916.065,2.4699999999998
2024-05-12,2912.45,2955.2,2901.17,2929.29,107670.6323,2024-05-12 23:59:59.999,315212004.62252900,367990,49118.15230000,143794831.49423000,0,2928.185,16.840000000000146
2024-05-13,2929.3,2996.4,2864.76,2950.99,368664.7648,2024-05-13 23:59:59.999,1083553488.62321200,925017,186525.36870000,548782383.79362800,0,2930.58,21.6899999999996
2024-05-14,2950.99,2960.6,2862.0,2881.93,269675.3037,2024-05-14 23:59:59.999,783471918.25466600,617845,132978.23300000,386314503.84703400,0,2911.3,-69.05999999999995
2024-05-15,2881.93,3041.36,2863.75,3032.55,350254.3188,2024-05-15 23:59:59.999,1036063008.59966000,760817,175148.41910000,518053714.89865800,0,2952.5550000000003,150.62000000000035
2024-05-16,3032.55,3041.24,2922.8,2944.7,293874.1513,2024-05-16 23:59:59.999,876706595.65802700,575271,140171.47960000,418208240.56744600,0,2982.02,-87.85000000000036
2024-05-17,2944.7,3120.0,2933.06,3092.01,357724.7731,2024-05-17 23:59:59.999,1088374622.99119300,754274,180386.21600000,548948430.85819200,0,3026.5299999999997,147.3100000000004
2024-05-18,3092.0,3146.98,3083.61,3122.94,199976.5456,2024-05-18 23:59:59.999,622730956.33774800,527531,96341.44610000,300062897.67242900,0,3115.295,30.940000000000055
2024-05-19,3122.94,3136.64,3053.38,3071.19,166145.0102,2024-05-19 23:59:59.999,513790068.69183000,470419,74505.58370000,230359925.23298100,0,3095.01,-51.75
2024-05-20,3071.2,3694.0,3047.67,3661.78,847107.8828,2024-05-20 23:59:59.999,2853349713.67270100,2226153,442408.94180000,1490710929.53451800,0,3370.835,590.5800000000004
2024-05-21,3661.79,3841.54,3624.28,3789.6,952437.2694,2024-05-21 23:59:59.999,3557244460.36325800,2204702,471779.51800000,1762078355.60011000,0,3732.91,127.80999999999995
2024-05-22,3789.59,3813.69,3653.15,3737.73,574938.3099,2024-05-22 23:59:59.999,2151256432.12026000,1339940,284002.59130000,1062768583.89509000,0,3733.42,-51.86000000000013
2024-05-23,3737.72,3949.29,3498.0,3783.61,1127866.076,2024-05-23 23:59:59.999,4283549690.44118100,2682768,564546.16610000,2145257882.16087900,0,3723.645,45.89000000000033
2024-05-24,3783.6,3829.61,3626.1,3728.28,479418.4318,2024-05-24 23:59:59.999,1782983862.21296700,1159074,244045.01040000,907694433.15898100,0,3727.855,-55.31999999999971
2024-05-25,3728.28,3779.43,3709.03,3749.26,158711.8992,2024-05-25 23:59:59.999,594438275.80513700,503711,81761.11570000,306215084.30222700,0,3744.23,20.980000000000018
2024-05-26,3749.25,3884.2,3731.17,3826.47,292208.2937,2024-05-26 23:59:59.999,1115661431.00739700,697286,145205.44390000,554271417.29049900,0,3807.685,77.2199999999998
2024-05-27,3826.47,3977.0,3823.37,3894.22,363717.6473,2024-05-27 23:59:59.999,1424169372.46594600,971964,183721.86760000,719417955.98062900,0,3900.185,67.75
2024-05-28,3894.21,3931.09,3773.9,3844.69,416249.8344,2024-05-28 23:59:59.999,1605074794.24835400,941338,206643.35590000,796958340.18732000,0,3852.495,-49.51999999999998
2024-05-29,3844.69,3888.55,3742.59,3767.43,334759.6348,2024-05-29 23:59:59.999,1274087642.07224300,883401,170583.44410000,649078378.82904600,0,3815.57,-77.26000000000022
2024-05-30,3767.44,3825.35,3702.58,3747.91,277034.2894,2024-05-30 23:59:59.999,1042146006.39132000,765716,135950.14980000,511516684.88129400,0,3763.965,-19.5300000000002
2024-05-31,3747.9,3849.94,3723.75,3762.29,273406.766,2024-05-31 23:59:59.999,1032174005.21667600,680329,136551.98330000,515577099.53857900,0,3786.8450000000003,14.389999999999873
2024-06-01,3762.29,3833.3,3752.67,3815.82,132687.2006,2024-06-01 23:59:59.999,503500622.83785600,399377,70367.60980000,267068560.05088300,0,3792.985,53.5300000000002
2024-06-02,3815.82,3838.59,3752.62,3780.91,210295.4407,2024-06-02 23:59:59.999,798100737.66375700,579563,105997.65180000,402268605.70398100,0,3795.605,-34.91000000000031
2024-06-03,3780.92,3849.99,3758.43,3767.06,248848.702,2024-06-03 23:59:59.999,946239636.29637100,648868,125597.95440000,477669466.68620100,0,3804.21,-13.860000000000127
2024-06-04,3767.07,3831.65,3730.0,3810.23,232063.7468,2024-06-04 23:59:59.999,878533930.59989000,568514,120842.24990000,457585643.87419900,0,3780.825,43.159999999999854
2024-06-05,3810.23,3887.47,3777.33,3865.99,273738.6035,2024-06-05 23:59:59.999,1046373693.42242900,645836,143786.33270000,549824316.32802500,0,3832.3999999999996,55.75999999999976
2024-06-06,3866.0,3878.6,3760.0,3813.46,237504.1905,2024-06-06 23:59:59.999,910751773.18159200,525050,116926.45290000,448449925.76810700,0,3819.3,-52.539999999999964
2024-06-07,3813.47,3841.39,3600.0,3678.32,362223.3594,2024-06-07 23:59:59.999,1352307567.23834900,894006,163680.68050000,611499294.84940500,0,3720.6949999999997,-135.14999999999964
2024-06-08,3678.31,3709.5,3660.08,3681.57,140550.8394,2024-06-08 23:59:59.999,518118534.03992200,364485,65014.43920000,239672339.12588400,0,3684.79,3.2600000000002183
2024-06-09,3681.58,3721.52,3666.36,3706.4,103451.102,2024-06-09 23:59:59.999,381854484.95566000,287960,48702.62220000,179769963.17597400,0,3693.94,24.820000000000164
2024-06-10,3706.4,3713.67,3642.74,3667.85,156363.1846,2024-06-10 23:59:59.999,575211243.30527000,391165,74799.52590000,275223031.29794300,0,3678.205,-38.55000000000018
2024-06-11,3667.85,3673.0,3432.0,3497.33,439568.5978,2024-06-11 23:59:59.999,1552225947.17115500,1036229,207637.60210000,733338576.38693000,0,3552.5,-170.51999999999998
2024-06-12,3497.33,3659.01,3462.07,3560.12,387043.774,2024-06-12 23:59:59.999,1384558593.85822000,850527,187121.79170000,669515053.84192500,0,3560.54,62.789999999999964
2024-06-13,3560.13,3561.65,3428.0,3469.4,300230.8299,2024-06-13 23:59:59.999,1048214494.75108000,696369,147994.44390000,516749769.17987500,0,3494.825,-90.73000000000002
2024-06-14,3469.4,3532.61,3362.26,3481.8,322316.4214,2024-06-14 23:59:59.999,1116570671.84894500,746613,159447.81450000,552550731.44663600,0,3447.4350000000004,12.400000000000091
2024-06-15,3481.8,3594.39,3473.1,3568.74,246649.5894,2024-06-15 23:59:59.999,873576137.27908000,500773,122544.60260000,433959818.41832800,0,3533.745,86.9399999999996
2024-06-16,3568.75,3653.79,3541.05,3624.41,149839.982,2024-06-16 23:59:59.999,537492821.64342800,417858,77834.89670000,279215755.24814800,0,3597.42,55.659999999999854
2024-06-17,3624.41,3638.37,3463.39,3511.46,337805.6402,2024-06-17 23:59:59.999,1196162530.91905300,774085,166343.20520000,588834718.23454600,0,3550.88,-112.94999999999982
2024-06-18,3511.47,3517.2,3355.0,3483.42,449913.3014,2024-06-18 23:59:59.999,1541798882.41169500,1062807,217161.58870000,744297791.43354200,0,3436.1,-28.049999999999727
2024-06-19,3483.42,3590.01,3465.65,3560.51,321500.0027,2024-06-19 23:59:59.999,1138419054.65292700,712501,162762.02380000,576256549.35841500,0,3527.83,77.09000000000015
2024-06-20,3560.51,3625.96,3486.0,3513.08,329117.8453,2024-06-20 23:59:59.999,1170597741.25786900,743896,161277.79050000,573660167.60342100,0,3555.98,-47.43000000000029
2024-06-21,3513.08,3547.55,3446.82,3518.5,342155.102,2024-06-21 23:59:59.999,1197095546.23396300,746361,176183.03800000,616476628.14976100,0,3497.1850000000004,5.420000000000073
2024-06-22,3518.5,3521.19,3475.09,3495.75,115774.6157,2024-06-22 23:59:59.999,405045499.42158200,315684,57671.84140000,201786538.36821800,0,3498.1400000000003,-22.75
2024-06-23,3495.76,3521.45,3406.38,3420.91,133411.4304,2024-06-23 23:59:59.999,463204539.05644000,338679,67467.46860000,234264816.82869500,0,3463.915,-74.85000000000036
2024-06-24,3420.91,3435.76,3240.0,3352.73,543370.4229,2024-06-24 23:59:59.999,1807046957.96521900,1222789,262600.40520000,873824151.92476300,0,3337.88,-68.17999999999984
2024-06-25,3352.74,3430.88,3336.76,3394.91,240036.2236,2024-06-25 23:59:59.999,812730026.84420000,654302,122936.19590000,416346006.72290600,0,3383.82,42.17000000000007
2024-06-26,3394.91,3426.75,3325.01,3371.44,206949.3418,2024-06-26 23:59:59.999,699375819.27612800,518727,108326.93730000,366024176.14348900,0,3375.88,-23.4699999999998
2024-06-27,3371.77,3477.0,3361.74,3450.44,201041.6609,2024-06-27 23:59:59.999,687897292.14541400,530697,108386.89200000,370765787.90538400,0,3419.37,78.67000000000007
2024-06-28,3450.44,3487.7,3365.22,3380.15,221634.3435,2024-06-28 23:59:59.999,760116781.02950800,934561,117864.76710000,404433441.06101600,0,3426.46,-70.28999999999996
2024-06-29,3380.15,3408.32,3371.86,3378.8,88329.7651,2024-06-29 23:59:59.999,299468173.24571800,365755,47423.39680000,160794628.30853200,0,3390.09,-1.349999999999909
2024-06-30,3378.8,3460.0,3352.66,3438.16,141221.6185,2024-06-30 23:59:59.999,480491273.12148200,557070,80177.99650000,272838936.07012400,0,3406.33,59.35999999999967
2024-07-01,3438.16,3524.94,3423.78,3442.2,224273.2122,2024-07-01 23:59:59.999,780112100.20822300,854102,121044.94000000,421096637.78815500,0,3474.36,4.039999999999964
2024-07-02,3442.2,3464.12,3402.0,3421.35,137932.7014,2024-07-02 23:59:59.999,473853655.52232200,623720,68282.75840000,234617896.70346100,0,3433.06,-20.84999999999991
2024-07-03,3421.35,3432.1,3251.0,3295.48,310408.451,2024-07-03 23:59:59.999,1031040642.94824500,1378502,143212.67230000,475477399.86673600,0,3341.55,-125.86999999999989
2024-07-04,3295.49,3313.45,3050.34,3059.7,450402.5692,2024-07-04 23:59:59.999,1425360058.27939900,1898898,202136.36830000,639814934.74680600,0,3181.895,-235.78999999999996
2024-07-05,3059.7,3110.0,2810.0,2981.78,886994.3753,2024-07-05 23:59:59.999,2602693094.46338400,2967124,404744.53170000,1188081864.61790000,0,2960.0,-77.91999999999962
2024-07-06,2981.79,3081.78,2955.06,3066.83,214487.9713,2024-07-06 23:59:59.999,646245038.47514500,1055462,112962.82100000,340494854.01142700,0,3018.42,85.03999999999996
2024-07-07,3066.83,3073.08,2922.24,2931.0,179892.7612,2024-07-07 23:59:59.999,538755029.45987900,878707,86519.91150000,258997896.83998600,0,2997.66,-135.82999999999993
2024-07-08,2930.99,3097.06,2822.8,3019.01,500445.0105,2024-07-08 23:59:59.999,1484924133.82865400,2222940,246399.41830000,731702626.90189300,0,2959.9300000000003,88.02000000000044
2024-07-09,3019.01,3115.2,3004.0,3066.65,280358.1424,2024-07-09 23:59:59.999,859567747.66392700,1377129,148692.14930000,455973139.54195900,0,3059.6,47.63999999999987
2024-07-10,3066.65,3151.51,3024.0,3101.05,270827.0844,2024-07-10 23:59:59.999,839730659.37295200,1296218,134603.87130000,417474584.80457600,0,3087.755,34.40000000000009
2024-07-11,3101.06,3217.24,3054.76,3099.57,289229.32,2024-07-11 23:59:59.999,907129989.22209600,1413031,148734.73680000,466509910.14770000,0,3136.0,-1.4899999999997817
2024-07-12,3099.57,3157.89,3045.58,3133.88,185745.1825,2024-07-12 23:59:59.999,575599522.85066300,1094915,95406.12530000,295730714.46365600,0,3101.7349999999997,34.309999999999945
2024-07-13,3133.89,3201.8,3113.37,3175.93,119302.4769,2024-07-13 23:59:59.999,376336968.78329300,591291,60506.12940000,190893440.61093800,0,3157.585,42.039999999999964
2024-07-14,3175.93,3268.72,3163.67,3245.08,165430.7716,2024-07-14 23:59:59.999,530204017.16941100,792858,83179.81420000,266820311.32188600,0,3216.1949999999997,69.15000000000009
2024-07-15,3245.2,3493.63,3233.22,3483.39,314296.8452,2024-07-15 23:59:59.999,1058747637.28826600,1617276,161760.18580000,544978505.52276800,0,3363.425,238.19000000000005
2024-07-16,3483.2,3498.59,3346.55,3444.13,376128.7869,2024-07-16 23:59:59.999,1291412549.93776600,1636557,193947.88230000,665961239.71115500,0,3422.57,-39.06999999999971
2024-07-17,3444.14,3517.0,3376.0,3387.05,297812.5162,2024-07-17 23:59:59.999,1029558208.63679400,1285615,168234.51870000,581998341.75033700,0,3446.5,-57.08999999999969
2024-07-18,3387.05,3489.98,3367.2,3426.5,241950.3457,2024-07-18 23:59:59.999,829503482.76701200,1165443,128938.74410000,442179155.87365700,0,3428.59,39.44999999999982
2024-07-19,3426.49,3540.27,3377.0,3503.53,299511.6422,2024-07-19 23:59:59.999,1034724329.31929600,1262244,158469.64460000,547637460.46681500,0,3458.635,77.04000000000042
2024-07-20,3503.53,3539.65,3480.0,3517.5,147510.8165,2024-07-20 23:59:59.999,516504071.76519900,667108,69139.34330000,242092830.77753000,0,3509.825,13.9699999999998
2024-07-21,3517.5,3547.0,3411.4,3535.92,218890.9656,2024-07-21 23:59:59.999,764360242.60117400,961322,103673.58990000,362208133.51128900,0,3479.2,18.420000000000073
2024-07-22,3535.93,3562.82,3422.34,3439.6,207859.5043,2024-07-22 23:59:59.999,724117324.16912200,1069762,96899.91880000,337741204.49652000,0,3492.58,-96.32999999999993
2024-07-23,3439.61,3541.0,3389.0,3482.51,500568.7811,2024-07-23 23:59:59.999,1737977523.02278600,1617621,270658.33240000,940075969.46685700,0,3465.0,42.90000000000009
2024-07-24,3482.51,3487.82,3300.0,3335.81,275479.0506,2024-07-24 23:59:59.999,940244066.49779700,980283,135067.10600000,461180607.88713700,0,3393.91,-146.70000000000027
2024-07-25,3335.82,3342.5,3087.53,3175.48,494282.6398,2024-07-25 23:59:59.999,1570457188.18384000,2011527,239121.06120000,759567456.51364500,0,3215.0150000000003,-160.34000000000015
2024-07-26,3175.47,3286.36,3171.0,3274.61,260237.4641,2024-07-26 23:59:59.999,844064770.72481800,1169246,128738.67200000,417477416.18929900,0,3228.6800000000003,99.14000000000033
2024-07-27,3274.6,3327.59,3191.01,3249.01,231991.9037,2024-07-27 23:59:59.999,757931406.54581500,1076809,118058.31710000,385871810.97083600,0,3259.3,-25.58999999999969
2024-07-28,3249.0,3284.3,3198.11,3270.16,103529.8329,2024-07-28 23:59:59.999,336422802.72238300,682428,52499.47910000,170673348.40827400,0,3241.205,21.159999999999854
2024-07-29,3270.16,3396.77,3258.0,3317.66,318471.5055,2024-07-29 23:59:59.999,1061016180.07809800,1484898,159686.57070000,532117930.52570200,0,3327.385,47.5
2024-07-30,3317.66,3366.4,3233.18,3279.21,197277.1641,2024-07-30 23:59:59.999,652703227.79650700,1183239,91006.58420000,301189857.21781700,0,3299.79,-38.44999999999982
2024-07-31,3279.2,3350.0,3213.75,3232.74,233711.3352,2024-07-31 23:59:59.999,769347274.94598800,1337992,112910.42490000,371910899.51371900,0,3281.875,-46.460000000000036
2024-08-01,3232.74,3242.57,3080.02,3203.4,323285.6105,2024-08-01 23:59:59.999,1020921619.45247900,1835455,151515.29100000,478652865.10178800,0,3161.295,-29.33999999999969
2024-08-02,3203.4,3218.6,2967.0,2989.61,385704.0395,2024-08-02 23:59:59.999,1185594927.51484300,2104725,177842.92770000,547327363.22897600,0,3092.8,-213.78999999999996
2024-08-03,2989.61,3018.02,2859.0,2903.64,344595.3157,2024-08-03 23:59:59.999,1013020792.75208300,1798017,151541.68820000,445649429.32525000,0,2938.51,-85.97000000000025
2024-08-04,2903.65,2935.46,2630.0,2688.92,512064.2612,2024-08-04 23:59:59.999,1426784556.44274300,2184760,235563.98230000,656402849.74097500,0,2782.73,-214.73000000000002
2024-08-05,2688.91,2697.44,2111.0,2419.59,2670604.1003,2024-08-05 23:59:59.999,6243689817.19261800,7064159,1281460.79170000,2994688528.68390600,0,2404.2200000000003,-269.3199999999997
2024-08-06,2419.76,2556.23,2414.19,2461.33,642283.8038,2024-08-06 23:59:59.999,1601879002.76912300,2870150,323805.05300000,808046548.67942800,0,2485.21,41.56999999999971
2024-08-07,2461.33,2551.32,2309.04,2342.8,630115.4228,2024-08-07 23:59:59.999,1537271441.49575900,2370148,307617.06650000,750975466.25288000,0,2430.1800000000003,-118.52999999999975
2024-08-08,2342.79,2724.1,2320.4,2682.5,586502.8754,2024-08-08 23:59:59.999,1474101815.46942400,2112663,299400.95030000,752709539.42640600,0,2522.25,339.71000000000004
2024-08-09,2682.5,2707.98,2552.61,2598.78,406739.9611,2024-08-09 23:59:59.999,1069628608.09830500,1710060,195440.29410000,514507073.99430500,0,2630.295,-83.7199999999998
2024-08-10,2598.79,2644.7,2576.49,2609.92,171012.3619,2024-08-10 23:59:59.999,446695039.69273400,758863,87017.10450000,227278356.48900000,0,2610.595,11.13000000000011
2024-08-11,2609.92,2720.0,2540.0,2555.38,297098.9145,2024-08-11 23:59:59.999,780682452.75452000,1217650,143129.64650000,376123937.07866100,0,2630.0,-54.539999999999964
2024-08-12,2555.38,2750.0,2510.05,2722.3,483414.2506,2024-08-12 23:59:59.999,1275788778.66051800,1915621,252099.21840000,665331112.59673800,0,2630.025,166.92000000000007
2024-08-13,2722.3,2738.4,2611.37,2702.44,325668.6964,2024-08-13 23:59:59.999,872886595.98851800,1547949,165417.05460000,443554807.91132300,0,2674.885,-19.860000000000127
2024-08-14,2702.44,2780.0,2632.2,2661.45,338808.7141,2024-08-14 23:59:59.999,914805683.89824400,1503315,167827.71990000,453631446.39239700,0,2706.1,-40.99000000000024
2024-08-15,2661.45,2675.6,2515.71,2569.89,356546.8059,2024-08-15 23:59:59.999,927491377.06139800,1761529,172089.68210000,447789574.12869100,0,2595.6549999999997,-91.55999999999995
2024-08-16,2569.9,2630.97,2550.04,2592.73,270684.1373,2024-08-16 23:59:59.999,702631292.53493100,1602311,127687.39840000,331506251.81562000,0,2590.505,22.829999999999927
2024-08-17,2592.72,2629.69,2587.5,2614.51,89348.676,2024-08-17 23:59:59.999,232787181.52592400,543278,47334.20420000,123329370.60796800,0,2608.5950000000003,21.79000000000042
2024-08-18,2614.51,2689.16,2594.53,2612.15,174074.0585,2024-08-18 23:59:59.999,459975824.15432300,836384,92214.98720000,243669152.91462400,0,2641.8450000000003,-2.3600000000001273
2024-08-19,2612.15,2648.08,2563.58,2636.36,224867.1336,2024-08-19 23:59:59.999,585578272.44348200,1156033,112686.52750000,293606287.96500200,0,2605.83,24.210000000000036
2024-08-20,2636.36,2695.0,2555.0,2572.82,281315.8751,2024-08-20 23:59:59.999,738361057.60213400,1303349,139599.91330000,366762747.97612900,0,2625.0,-63.539999999999964
2024-08-21,2572.81,2663.74,2536.22,2630.71,245286.6218,2024-08-21 23:59:59.999,638338169.86214400,1420421,121889.98370000,317338706.90672800,0,2599.9799999999996,57.90000000000009
2024-08-22,2630.71,2644.69,2584.2,2622.88,199063.1196,2024-08-22 23:59:59.999,521285357.08642300,1064195,98645.80600000,258303739.53123700,0,2614.4449999999997,-7.829999999999927
2024-08-23,2622.89,2799.13,2621.4,2762.48,401786.4447,2024-08-23 23:59:59.999,1082989033.02354700,1747686,210295.50730000,567121017.13849100,0,2710.2650000000003,139.59000000000015
2024-08-24,2762.49,2820.0,2731.26,2768.0,263542.9441,2024-08-24 23:59:59.999,730370481.13812200,1133872,130086.44910000,360650474.07165400,0,2775.63,5.510000000000218
2024-08-25,2768.01,2792.28,2733.21,2746.13,154527.2352,2024-08-25 23:59:59.999,426733399.32663600,1047985,75993.74900000,209910294.01518700,0,2762.745,-21.88000000000011
2024-08-26,2746.12,2762.0,2666.66,2680.49,211708.1247,2024-08-26 23:59:59.999,575695656.47717900,1453833,102718.22470000,279333306.99040100,0,2714.33,-65.63000000000011
2024-08-27,2680.49,2699.98,2392.96,2457.33,412660.7197,2024-08-27 23:59:59.999,1058769621.89210300,1898416,187278.07780000,480143744.79680500,0,2546.4700000000003,-223.15999999999985
2024-08-28,2457.33,2554.6,2418.8,2528.33,451266.634,2024-08-28 23:59:59.999,1124304892.42379500,2272721,222246.91840000,553710617.94950600,0,2486.7,71.0
2024-08-29,2528.33,2595.4,2505.88,2527.61,237002.9632,2024-08-29 23:59:59.999,603867504.22594900,1455668,119563.35910000,304607143.52593600,0,2550.6400000000003,-0.7199999999997999
2024-08-30,2527.6,2552.17,2431.14,2526.0,338379.1941,2024-08-30 23:59:59.999,845015735.14941100,1735497,172073.91140000,429842974.52976200,0,2491.6549999999997,-1.599999999999909
2024-08-31,2525.99,2533.95,2491.92,2513.01,97946.1147,2024-08-31 23:59:59.999,246514334.07653000,702529,47410.90720000,119335754.45879400,0,2512.935,-12.979999999999563
2024-09-01,2513.0,2516.28,2400.0,2425.72,223127.776,2024-09-01 23:59:59.999,550299930.15344900,1357443,106672.82840000,263071210.85051600,0,2458.1400000000003,-87.2800000000002
2024-09-02,2425.71,2564.83,2423.52,2538.01,262632.8385,2024-09-02 23:59:59.999,654854126.19511100,1452334,134090.70480000,334264683.01748600,0,2494.175,112.30000000000018
2024-09-03,2538.0,2553.6,2411.12,2425.29,224793.1299,2024-09-03 23:59:59.999,556674703.35234100,1272909,101487.65070000,251452238.68507400,0,2482.3599999999997,-112.71000000000004
2024-09-04,2425.28,2490.0,2306.65,2450.71,384179.3854,2024-09-04 23:59:59.999,921640300.67465400,2002621,188707.74580000,452757932.49333500,0,2398.325,25.429999999999836
2024-09-05,2450.71,2466.0,2348.04,2368.81,278549.0969,2024-09-05 23:59:59.999,667044058.82643400,1862353,131571.92470000,315231080.60793400,0,2407.02,-81.90000000000009
2024-09-06,2368.81,2408.83,2150.55,2225.23,643027.111,2024-09-06 23:59:59.999,1467265008.06349300,2980066,303990.16890000,694418877.02475400,0,2279.69,-143.57999999999993
2024-09-07,2225.24,2311.27,2220.98,2273.58,219453.2076,2024-09-07 23:59:59.999,498662894.23097500,982698,109807.92460000,249593766.45553000,0,2266.125,48.340000000000146
2024-09-08,2273.58,2333.58,2240.94,2297.3,192775.6493,2024-09-08 23:59:59.999,440447734.82637300,976672,93305.19370000,213222870.55342400,0,2287.26,23.720000000000255
2024-09-09,2297.3,2381.41,2272.8,2359.5,321698.99,2024-09-09 23:59:59.999,747001776.04653600,1761692,156788.50980000,364223174.14290400,0,2327.105,62.19999999999982
2024-09-10,2359.51,2400.0,2320.41,2388.52,224382.1729,2024-09-10 23:59:59.999,528411566.91970200,1210860,105895.41880000,249480052.38138200,0,2360.205,29.009999999999764
2024-09-11,2388.52,2389.32,2277.68,2340.55,282898.3125,2024-09-11 23:59:59.999,659291892.32673100,1530070,135125.59650000,314926799.45453100,0,2333.5,-47.9699999999998
2024-09-12,2340.54,2391.93,2315.39,2361.76,202611.1308,2024-09-12 23:59:59.999,476749201.76441900,1093596,102118.09520000,240341157.99811900,0,2353.66,21.220000000000255
2024-09-13,2361.75,2464.82,2337.35,2439.19,253888.616,2024-09-13 23:59:59.999,607650210.70286200,1458878,124124.36760000,297410717.96547000,0,2401.085,77.44000000000005
2024-09-14,2439.19,2440.6,2376.72,2417.79,122931.2302,2024-09-14 23:59:59.999,296990460.13007800,754834,57970.96450000,140034806.30787600,0,2408.66,-21.40000000000009
2024-09-15,2417.8,2430.32,2283.75,2316.1,174364.1946,2024-09-15 23:59:59.999,413278017.27632400,1058493,80610.91460000,191044099.00633000,0,2357.035,-101.70000000000027
2024-09-16,2316.09,2335.7,2252.39,2295.68,330555.232,2024-09-16 23:59:59.999,756718235.68223400,2102319,153834.01110000,352253267.83244000,0,2294.045,-20.41000000000031
2024-09-17,2295.67,2393.63,2263.29,2341.8,274206.2588,2024-09-17 23:59:59.999,640307796.59404200,1813524,134491.63700000,314135444.25581700,0,2328.46,46.13000000000011
2024-09-18,2341.79,2376.14,2277.34,2374.75,292917.6008,2024-09-18 23:59:59.999,679856751.17105300,2555639,144167.24010000,334741394.02654900,0,2326.74,32.960000000000036
2024-09-19,2374.74,2494.95,2372.6,2465.21,326746.032,2024-09-19 23:59:59.999,794820680.99505400,2862096,171108.47470000,416132368.00402700,0,2433.7749999999996,90.47000000000025
2024-09-20,2465.21,2571.93,2437.31,2561.4,340754.5912,2024-09-20 23:59:59.999,864016608.11556300,3241249,173101.71320000,438921107.76329400,0,2504.62,96.19000000000005
2024-09-21,2561.4,2623.34,2528.97,2612.4,154757.8773,2024-09-21 23:59:59.999,396953470.51763100,1425778,78964.07040000,202638566.04465200,0,2576.1549999999997,51.0
2024-09-22,2612.4,2632.57,2524.58,2581.0,214266.3257,2024-09-22 23:59:59.999,553059849.55339900,2067811,97837.05120000,252636983.57337800,0,2578.575,-31.40000000000009
2024-09-23,2580.99,2702.82,2539.49,2646.97,333282.0149,2024-09-23 23:59:59.999,883518257.19940700,3492404,161782.11780000,428832914.20111200,0,2621.1549999999997,65.98000000000002
2024-09-24,2646.98,2670.96,2591.56,2653.2,288600.0402,2024-09-24 23:59:59.999,760159619.98153400,2730471,140655.88960000,370558448.96591700,0,2631.26,6.2199999999998
2024-09-25,2653.2,2673.5,2554.05,2579.95,220343.4293,2024-09-25 23:59:59.999,576100924.71154600,2446589,103887.87840000,271731602.59947200,0,2613.775,-73.25
2024-09-26,2580.09,2666.22,2559.2,2632.26,278686.3573,2024-09-26 23:59:59.999,731881168.91669500,2897463,139205.44730000,365580497.05442400,0,2612.71,52.17000000000007
2024-09-27,2632.25,2728.6,2615.21,2694.43,281826.9792,2024-09-27 23:59:59.999,753233859.35867200,2599262,151742.50930000,405576362.61347600,0,2671.9049999999997,62.179999999999836
2024-09-28,2694.43,2704.35,2650.0,2675.21,137230.0342,2024-09-28 23:59:59.999,367299958.06267600,1192804,65924.22020000,176467262.33616800,0,2677.175,-19.2199999999998
2024-09-29,2675.21,2683.7,2629.73,2657.62,160554.3146,2024-09-29 23:59:59.999,426486288.27627700,1417045,81486.00610000,216453626.08854400,0,2656.715,-17.590000000000146
2024-09-30,2657.62,2663.5,2575.0,2602.23,282475.7961,2024-09-30 23:59:59.999,738997897.57908500,2684395,135231.59450000,353834770.00365100,0,2619.25,-55.38999999999987
2024-10-01,2602.24,2659.0,2414.0,2447.79,502828.6804,2024-10-01 23:59:59.999,1275068045.81654800,4525442,241562.47160000,612727012.04731000,0,2536.5,-154.44999999999982
2024-10-02,2447.78,2499.0,2352.0,2364.1,317484.735,2024-10-02 23:59:59.999,772815459.36655100,4299369,155763.84130000,379325012.46359800,0,2425.5,-83.68000000000029
2024-10-03,2364.09,2403.38,2310.0,2349.8,314635.9263,2024-10-03 23:59:59.999,739732809.48188700,4096011,149299.04360000,351028567.52354300,0,2356.69,-14.289999999999964
2024-10-04,2349.8,2441.64,2339.15,2414.41,239383.017,2024-10-04 23:59:59.999,572627417.10536900,2556302,121492.18760000,290635408.17503000,0,2390.395,64.60999999999967
2024-10-05,2414.41,2428.23,2390.05,2414.66,103740.2316,2024-10-05 23:59:59.999,250133597.68832200,1147501,49644.85370000,119740244.15091900,0,2409.1400000000003,0.25
2024-10-06,2414.66,2457.8,2407.0,2440.03,105752.7096,2024-10-06 23:59:59.999,257213775.45288000,1097106,56040.49420000,136283551.47355800,0,2432.4,25.370000000000346
2024-10-07,2440.02,2521.0,2403.0,2422.71,300459.5407,2024-10-07 23:59:59.999,742163736.96691100,3081333,147053.19260000,363265506.41464900,0,2462.0,-17.309999999999945
2024-10-08,2422.7,2466.66,2401.18,2440.89,201358.3312,2024-10-08 23:59:59.999,490043095.02496200,2240640,98699.06950000,240246242.02095800,0,2433.92,18.190000000000055
2024-10-09,2440.88,2473.61,2351.42,2370.47,242082.2725,2024-10-09 23:59:59.999,586469983.39352700,2569883,118607.67530000,287392550.52832000,0,2412.5150000000003,-70.41000000000031
2024-10-10,2370.47,2421.36,2330.66,2386.49,257862.9619,2024-10-10 23:59:59.999,614182044.94953600,2734517,124649.16980000,296876662.88337700,0,2376.01,16.019999999999982
2024-10-11,2386.49,2471.45,2381.86,2439.5,235441.2197,2024-10-11 23:59:59.999,572065403.74189800,1913115,120079.05810000,291669006.34268800,0,2426.6549999999997,53.01000000000022
2024-10-12,2439.49,2490.51,2434.35,2476.4,139637.5062,2024-10-12 23:59:59.999,343538957.82022800,1058123,75635.47220000,186143651.98497400,0,2462.4300000000003,36.91000000000031
2024-10-13,2476.4,2484.92,2436.4,2468.91,120022.8179,2024-10-13 23:59:59.999,295322793.08412500,1032905,59760.37470000,147082675.32577100,0,2460.66,-7.4900000000002365
2024-10-14,2468.92,2654.0,2443.39,2629.79,435900.1619,2024-10-14 23:59:59.999,1119084230.80793800,2715025,229665.60470000,589781071.81532800,0,2548.6949999999997,160.8699999999999
2024-10-15,2629.79,2688.6,2537.36,2607.41,416285.6663,2024-10-15 23:59:59.999,1083630113.13970700,3306565,205576.51830000,535279891.16590100,0,2612.98,-22.38000000000011
2024-10-16,2607.41,2647.79,2588.67,2611.1,260322.4242,2024-10-16 23:59:59.999,681342662.41857000,2813136,127407.66790000,333593643.09779300,0,2618.23,3.6900000000000546
2024-10-17,2611.1,2648.37,2575.4,2605.8,221624.5434,2024-10-17 23:59:59.999,579597649.92940300,2543113,109682.85890000,286944146.55601100,0,2611.885,-5.299999999999727
2024-10-18,2605.79,2675.58,2596.49,2642.17,292444.1153,2024-10-18 23:59:59.999,771232214.93516400,2835054,151075.29190000,398486077.84859300,0,2636.035,36.38000000000011
2024-10-19,2642.17,2663.49,2631.02,2648.2,105413.7646,2024-10-19 23:59:59.999,278723129.15789400,1145594,52955.70120000,140037162.00516000,0,2647.255,6.029999999999745
2024-10-20,2648.2,2759.0,2635.54,2746.91,256910.7448,2024-10-20 23:59:59.999,692550694.44162900,2274845,131315.63210000,354129881.28676600,0,2697.27,98.71000000000004
2024-10-21,2746.91,2769.48,2655.01,2666.7,310674.7232,2024-10-21 23:59:59.999,839718870.96762100,2526347,155766.44540000,421099497.59600700,0,2712.245,-80.21000000000004
2024-10-22,2666.71,2671.92,2606.56,2622.81,265747.713,2024-10-22 23:59:59.999,699818031.28854000,2153796,129041.05420000,339834310.02414700,0,2639.24,-43.90000000000009
2024-10-23,2622.81,2628.2,2450.0,2524.61,352647.7086,2024-10-23 23:59:59.999,897683017.74016800,2642127,161673.03630000,411442765.60034200,0,2539.1,-98.19999999999982
2024-10-24,2524.6,2562.65,2507.31,2535.82,290851.7842,2024-10-24 23:59:59.999,737665762.66614700,2252562,151672.57960000,384697096.34031300,0,2534.98,11.220000000000255
2024-10-25,2535.82,2566.33,2382.59,2440.62,514799.8822,2024-10-25 23:59:59.999,1282541014.46980300,3741205,232180.14350000,578647966.53560800,0,2474.46,-95.20000000000027
2024-10-26,2440.63,2508.0,2430.12,2482.51,248724.8313,2024-10-26 23:59:59.999,612908876.73898300,1985542,132469.85690000,326550515.93420700,0,2469.06,41.88000000000011
2024-10-27,2482.51,2527.99,2464.13,2507.8,137580.8836,2024-10-27 23:59:59.999,342704461.29822200,1337190,70648.00530000,176001096.76121000,0,2496.06,25.289999999999964
2024-10-28,2507.8,2589.67,2471.67,2567.48,360605.327,2024-10-28 23:59:59.999,910015100.83083700,2847523,180803.60760000,456316658.78481300,0,2530.67,59.679999999999836
2024-10-29,2567.49,2681.86,2561.2,2638.8,451915.7025,2024-10-29 23:59:59.999,1187541746.02171500,3690029,227223.48010000,597159695.53777800,0,2621.5299999999997,71.3100000000004
2024-10-30,2638.8,2722.3,2599.66,2659.19,460627.126,2024-10-30 23:59:59.999,1230352880.14265500,3700127,234688.32980000,627072013.72104200,0,2660.98,20.389999999999873
2024-10-31,2659.19,2669.0,2503.0,2518.61,403427.2017,2024-10-31 23:59:59.999,1042550364.39079100,3391343,196341.44980000,507552898.63574800,0,2586.0,-140.57999999999993
2024-11-01,2518.61,2586.8,2467.67,2511.49,430249.1073,2024-11-01 23:59:59.999,1084316033.71191500,3614843,202239.11620000,509869182.30356700,0,2527.235,-7.120000000000346
2024-11-02,2511.49,2523.45,2470.0,2494.23,145961.13,2024-11-02 23:59:59.999,364240307.89237700,1228028,68739.22170000,171535490.17364200,0,2496.725,-17.259999999999764
2024-11-03,2494.23,2496.39,2411.0,2457.73,276009.1197,2024-11-03 23:59:59.999,675516839.24615800,2569553,128755.13020000,315138233.23078100,0,2453.6949999999997,-36.5
2024-11-04,2457.73,2491.39,2357.59,2398.21,306316.9645,2024-11-04 23:59:59.999,745000696.54959400,3066552,148574.72540000,361660123.21258000,0,2424.49,-59.51999999999998
2024-11-05,2398.21,2480.0,2380.74,2422.55,331619.2545,2024-11-05 23:59:59.999,807964220.38260700,2878817,164899.72260000,401792814.47828200,0,2430.37,24.340000000000146
2024-11-06,2422.6,2744.7,2420.3,2721.87,1002141.3618,2024-11-06 23:59:59.999,2613263657.61569000,5557031,527404.57970000,1375499686.35223600,0,2582.5,299.27
2024-11-07,2721.88,2916.11,2699.49,2895.47,730845.9524,2024-11-07 23:59:59.999,2069602523.37207700,5380366,367745.65060000,1041659729.92273900,0,2807.8,173.5899999999997
2024-11-08,2895.47,2981.69,2886.4,2961.75,568864.435,2024-11-08 23:59:59.999,1664276186.36745700,4290252,290136.27340000,849147013.62205100,0,2934.045,66.2800000000002
2024-11-09,2961.75,3157.4,2953.71,3126.21,526719.4212,2024-11-09 23:59:59.999,1602480049.88551400,3681905,278109.26380000,846556140.57644800,0,3055.5550000000003,164.46000000000004
2024-11-10,3126.2,3248.52,3069.0,3183.21,865536.7322,2024-11-10 23:59:59.999,2751696491.35327300,6072418,444231.98530000,1412520566.69655500,0,3158.76,57.01000000000022
2024-11-11,3183.2,3387.61,3105.0,3371.59,1000093.9664,2024-11-11 23:59:59.999,3248336095.35783400,7802397,512353.65970000,1664789115.81200000,0,3246.3050000000003,188.39000000000033
2024-11-12,3371.59,3442.5,3207.67,3243.8,973215.7285,2024-11-12 23:59:59.999,3215515065.96685000,7073014,474680.79960000,1569519071.96666300,0,3325.085,-127.78999999999996
2024-11-13,3243.79,3331.0,3116.69,3187.16,919686.3747,2024-11-13 23:59:59.999,2958494366.71914000,9753402,446483.23990000,1436610189.54269200,0,3223.8450000000003,-56.63000000000011
2024-11-14,3187.16,3240.4,3028.56,3058.82,605780.6662,2024-11-14 23:59:59.999,1909266330.68371800,6204964,291332.14280000,919046552.32491300,0,3134.48,-128.3399999999997
2024-11-15,3058.81,3131.06,3014.5,3090.01,519623.6317,2024-11-15 23:59:59.999,1593247701.28904900,6118576,256031.96210000,785238977.75679600,0,3072.7799999999997,31.200000000000273
2024-11-16,3090.01,3219.97,3072.0,3132.87,423639.1573,2024-11-16 23:59:59.999,1332892680.48503800,5079843,221452.09360000,696573570.91146400,0,3145.9849999999997,42.85999999999967
2024-11-17,3132.88,3162.11,3034.99,3076.0,449818.9575,2024-11-17 23:59:59.999,1393762559.89606500,5832635,219773.82170000,681175947.12536200,0,3098.55,-56.88000000000011
2024-11-18,3075.99,3224.94,3050.01,3207.8,640658.4357,2024-11-18 23:59:59.999,2006111259.65758600,6541040,335610.63520000,1051440459.59821600,0,3137.4750000000004,131.8100000000004
2024-11-19,3207.81,3221.2,3065.4,3107.44,500112.0194,2024-11-19 23:59:59.999,1561642778.41815400,5163295,240538.57970000,751285220.16740200,0,3143.3,-100.36999999999989
2024-11-20,3107.45,3159.2,3029.41,3069.97,503607.8336,2024-11-20 23:59:59.999,1559041767.18546400,6338828,262555.33790000,813254437.22967800,0,3094.305,-37.48000000000002
2024-11-21,3069.97,3386.73,3032.59,3355.81,974923.3035,2024-11-21 23:59:59.999,3167224819.41876900,8227428,517407.46180000,1678599533.38309400,0,3209.66,285.84000000000015
2024-11-22,3355.88,3425.92,3257.54,3327.78,603273.7093,2024-11-22 23:59:59.999,2008464564.86167400,7141711,299228.21600000,996678648.69699500,0,3341.73,-28.09999999999991
2024-11-23,3327.78,3497.51,3312.72,3393.91,721024.0009,2024-11-23 23:59:59.999,2449223191.45451700,6790558,377413.29840000,1281905367.17223400,0,3405.115,66.12999999999965
2024-11-24,3393.91,3450.0,3281.4,3361.2,479098.0921,2024-11-24 23:59:59.999,1608242778.28287200,5919258,229135.64760000,769433365.50576100,0,3365.7,-32.710000000000036
2024-11-25,3361.21,3546.66,3300.01,3414.49,949330.37,2024-11-25 23:59:59.999,3272920810.05731100,9876856,473543.93990000,1633463973.64652600,0,3423.335,53.279999999999745
2024-11-26,3414.49,3462.49,3252.0,3324.73,672367.1503,2024-11-26 23:59:59.999,2252619301.96427400,7269605,320649.41400000,1076018603.47616000,0,3357.245,-89.75999999999976
2024-11-27,3324.74,3684.92,3302.4,3653.28,754573.6485,2024-11-27 23:59:59.999,2640023089.76093500,6392173,422777.04850000,1478531171.09609100,0,3493.66,328.5400000000004
2024-11-28,3653.27,3661.92,3529.76,3578.79,560976.425,2024-11-28 23:59:59.999,2014252549.70202200,5393261,281616.14450000,1011307244.12480200,0,3595.84,-74.48000000000002
2024-11-29,3578.8,3647.98,3534.28,3592.21,425493.2449,2024-11-29 23:59:59.999,1525999121.81963900,4240304,220911.87590000,792537823.50665000,0,3591.13,13.409999999999854
2024-11-30,3592.22,3738.98,3568.4,3703.6,503684.7485,2024-11-30 23:59:59.999,1849683070.29735000,4641849,267000.57690000,980789627.35957700,0,3653.69,111.38000000000011
2024-12-01,3703.59,3746.8,3659.2,3707.61,429089.2633,2024-12-01 23:59:59.999,1589850114.02591500,3667910,212029.40080000,785774029.01285500,0,3703.0,4.019999999999982
2024-12-02,3707.61,3760.0,3554.32,3643.42,737130.569,2024-12-02 23:59:59.999,2685285591.84536500,6825848,368529.34700000,1342985979.58074500,0,3657.16,-64.19000000000005
2024-12-03,3643.43,3670.0,3500.0,3614.51,678400.2032,2024-12-03 23:59:59.999,2439869839.02902100,5200407,376625.93000000,1355330328.94503700,0,3585.0,-28.919999999999618
2024-12-04,3614.51,3887.24,3614.51,3837.8,968744.0399,2024-12-04 23:59:59.999,3638907449.55176100,8222722,516513.63150000,1939427558.60474000,0,3750.875,223.28999999999996
2024-12-05,3837.8,3956.0,3677.0,3785.2,946493.276,2024-12-05 23:59:59.999,3653558567.75371200,8753645,465065.30160000,1796915310.22586500,0,3816.5,-52.600000000000364
2024-12-06,3785.21,4087.73,3777.26,3998.87,803855.1146,2024-12-06 23:59:59.999,3174080080.14619300,6677199,410529.41370000,1621071926.72690900,0,3932.495,213.65999999999985
2024-12-07,3998.87,4024.46,3968.0,3996.22,283920.02,2024-12-07 23:59:59.999,1134418058.86617300,2721543,141027.53580000,563531840.24221200,0,3996.23,-2.650000000000091
2024-12-08,3996.22,4015.58,3923.5,4004.15,251362.1685,2024-12-08 23:59:59.999,1000371580.63835900,2614587,124696.17300000,496407855.45914100,0,3969.54,7.930000000000291
2024-12-09,4004.15,4006.17,3509.0,3712.0,939642.2001,2024-12-09 23:59:59.999,3566495804.12810500,8331026,434519.74420000,1650765938.05197400,0,3757.585,-292.1500000000001
2024-12-10,3712.0,3780.76,3515.89,3628.25,942206.0337,2024-12-10 23:59:59.999,3443114495.27366400,10461668,468842.23620000,1713256933.09975900,0,3648.325,-83.75
2024-12-11,3628.24,3848.64,3562.34,3831.81,461818.7801,2024-12-11 23:59:59.999,1722223536.87817700,6195364,248830.10390000,928595809.30058700,0,3705.49,203.57000000000016
2024-12-12,3831.82,3987.41,3796.8,3881.61,572098.6343,2024-12-12 23:59:59.999,2239803483.57660700,7005239,284607.15510000,1114554219.24114300,0,3892.105,49.789999999999964
2024-12-13,3881.6,3968.47,3852.94,3906.8,387765.6873,2024-12-13 23:59:59.999,1516942852.28518100,5124578,192195.32380000,751955442.54806600,0,3910.705,25.200000000000273
2024-12-14,3906.8,3945.0,3825.03,3870.29,265538.9479,2024-12-14 23:59:59.999,1031595277.38733700,3407748,131333.82940000,510395698.45593300,0,3885.0150000000003,-36.51000000000022
2024-12-15,3870.3,3974.61,3831.5,3959.09,253833.2141,2024-12-15 23:59:59.999,987865003.12754300,3637695,137576.23630000,535670221.16029300,0,3903.0550000000003,88.78999999999996
2024-12-16,3959.09,4107.8,3884.0,3986.24,673351.0723,2024-12-16 23:59:59.999,2686550997.11024500,7117624,357970.22610000,1428720574.04516100,0,3995.9,27.149999999999636
2024-12-17,3986.24,4041.82,3847.96,3893.01,450825.9861,2024-12-17 23:59:59.999,1788532842.70075700,6874200,212006.09800000,841864072.77054100,0,3944.8900000000003,-93.22999999999956
2024-12-18,3893.01,3907.19,3617.42,3626.8,722505.0618,2024-12-18 23:59:59.999,2735374632.73864100,6584244,338987.74140000,1283903825.65402800,0,3762.3050000000003,-266.21000000000004
2024-12-19,3626.8,3720.0,3326.8,3417.01,1078153.4851,2024-12-19 23:59:59.999,3807975330.68116200,6357638,498105.40580000,1759867070.36279600,0,3523.4,-209.78999999999996
2024-12-20,3417.01,3497.84,3101.9,3472.21,1332783.731,2024-12-20 23:59:59.999,4421584295.58089900,7029546,616548.69460000,2043875039.78797600,0,3299.87,55.19999999999982
2024-12-21,3472.2,3555.18,3293.11,3338.92,475275.82,2024-12-21 23:59:59.999,1627460721.69215300,2732677,227433.37900000,779411940.38609500,0,3424.145,-133.27999999999975
2024-12-22,3338.92,3403.0,3221.1,3281.83,361920.2495,2024-12-22 23:59:59.999,1201895225.01695200,2546556,178324.64420000,592471146.24274100,0,3312.05,-57.090000000000146
2024-12-23,3281.83,3466.99,3216.97,3422.53,488253.41,2024-12-23 23:59:59.999,1627069583.87868200,4032824,251606.21720000,838574859.78571200,0,3341.9799999999996,140.70000000000027
2024-12-24,3422.53,3539.65,3358.19,3493.18,315723.6763,2024-12-24 23:59:59.999,1087476459.25316300,2764397,158218.89880000,544905389.45923000,0,3448.92,70.64999999999964
2024-12-25,3493.17,3547.95,3440.93,3497.0,219846.0452,2024-12-25 23:59:59.999,766349902.71321700,2133099,110386.21040000,384894251.07668100,0,3494.4399999999996,3.8299999999999272
2024-12-26,3497.0,3514.94,3304.63,3335.05,310170.1719,2024-12-26 23:59:59.999,1047464157.03218900,2543314,164346.24880000,554727435.33012100,0,3409.785,-161.94999999999982
2024-12-27,3335.04,3444.16,3306.6,3333.51,342529.6038,2024-12-27 23:59:59.999,1152635224.26543900,3133395,171567.67040000,577327628.47015500,0,3375.38,-1.5299999999997453
2024-12-28,3333.51,3428.68,3322.23,3404.0,175963.613,2024-12-28 23:59:59.999,592591876.17898600,1445334,88404.95780000,297871890.10946200,0,3375.455,70.48999999999978
2024-12-29,3404.01,3413.78,3326.17,3356.48,156256.8819,2024-12-29 23:59:59.999,527250656.14570400,1170497,74717.28830000,252109610.01206700,0,3369.9750000000004,-47.5300000000002
2024-12-30,3356.48,3437.59,3305.0,3361.84,420794.6476,2024-12-30 23:59:59.999,1420731724.37256400,2700666,215138.52690000,726878029.72007100,0,3371.295,5.360000000000127
2024-12-31,3361.83,3451.0,3315.59,3337.78,303053.1685,2024-12-31 23:59:59.999,1024862944.04619100,2021786,146510.75010000,495460792.49061200,0,3383.295,-24.049999999999727
2025-01-01,3337.78,3374.85,3313.88,3360.38,190238.5861,2025-01-01 23:59:59.999,636613395.69596500,1182219,99518.02170000,333085258.28746200,0,3344.365,22.59999999999991
2025-01-02,3360.39,3509.99,3354.5,3455.67,338632.8874,2025-01-02 23:59:59.999,1166286232.16288200,2373075,169044.36270000,582161055.52196500,0,3432.245,95.2800000000002
2025-01-03,3455.68,3630.0,3423.44,3609.01,334041.0604,2025-01-03 23:59:59.999,1179953901.10181400,2293811,169194.07500000,597682226.03096200,0,3526.7200000000003,153.33000000000038
2025-01-04,3609.0,3671.6,3572.42,3656.88,229266.3133,2025-01-04 23:59:59.999,829864804.85983700,1567855,116823.14830000,422850861.08688600,0,3622.01,47.88000000000011
2025-01-05,3656.88,3675.25,3593.7,3635.99,155444.1741,2025-01-05 23:59:59.999,564147572.80066900,1461192,76901.37580000,279135355.27000600,0,3634.475,-20.890000000000327
2025-01-06,3636.0,3744.83,3610.63,3687.45,329642.3648,2025-01-06 23:59:59.999,1210642823.30206900,2753873,166824.61960000,612822771.95455100,0,3677.73,51.44999999999982
2025-01-07,3687.44,3700.86,3356.31,3381.31,541543.2874,2025-01-07 23:59:59.999,1899318756.15801600,3538701,254553.45020000,892893276.02080900,0,3528.585,-306.1300000000001
2025-01-08,3381.31,3415.1,3208.2,3327.29,584749.9627,2025-01-08 23:59:59.999,1944382187.65665900,3766197,275577.22690000,916259778.41837900,0,3311.6499999999996,-54.01999999999998
2025-01-09,3327.29,3357.27,3158.0,3219.2,501818.4247,2025-01-09 23:59:59.999,1638958679.71436800,3685889,237793.73460000,777185110.08267900,0,3257.635,-108.09000000000015
2025-01-10,3219.2,3322.49,3193.97,3267.04,454142.1333,2025-01-10 23:59:59.999,1482940591.67198800,3199118,222519.18490000,726413490.66837400,0,3258.2299999999996,47.840000000000146
2025-01-11,3267.05,3320.18,3217.56,3282.83,151679.7487,2025-01-11 23:59:59.999,494933295.35826200,1208777,74202.78760000,242350177.14399100,0,3268.87,15.779999999999745
2025-01-12,3282.83,3300.0,3224.49,3267.3,164879.9709,2025-01-12 23:59:59.999,538751712.04578700,1151908,78312.53320000,255990007.31399000,0,3262.245,-15.529999999999745
2025-01-13,3267.3,3339.0,2920.0,3137.51,845907.5669,2025-01-13 23:59:59.999,2614824635.15443900,4900248,410956.80140000,1271030799.21146800,0,3129.5,-129.78999999999996
2025-01-14,3137.51,3256.67,3125.65,3225.63,374308.4517,2025-01-14 23:59:59.999,1197715520.89902600,2446285,180843.36050000,578754045.67724400,0,3191.16,88.11999999999989
2025-01-15,3225.63,3473.75,3186.36,3451.52,464188.034,2025-01-15 23:59:59.999,1537407357.36677100,2689488,233981.71830000,775803015.40606800,0,3330.0550000000003,225.88999999999987
2025-01-16,3451.51,3460.79,3265.44,3308.05,471282.6787,2025-01-16 23:59:59.999,1573512574.07485100,2667507,227669.87210000,760336218.42832100,0,3363.115,-143.46000000000004
2025-01-17,3308.04,3525.72,3307.5,3473.63,518550.1813,2025-01-17 23:59:59.999,1773013467.30909300,3165882,269301.51330000,920836504.15644600,0,3416.6099999999997,165.59000000000015
2025-01-18,3473.64,3494.39,3227.0,3307.71,634197.1281,2025-01-18 23:59:59.999,2100633661.76441900,3931387,309754.32910000,1025970289.51767100,0,3360.6949999999997,-165.92999999999984
2025-01-19,3307.71,3448.99,3130.48,3215.12,1342301.5217,2025-01-19 23:59:59.999,4408659681.01233000,7064813,651932.43120000,2143657478.90028600,0,3289.7349999999997,-92.59000000000015
2025-01-20,3215.2,3453.69,3142.78,3284.0,1158354.7814,2025-01-20 23:59:59.999,3830020315.13160700,7137551,572672.70280000,1895320599.96198600,0,3298.235,68.80000000000018
2025-01-21,3283.99,3289.85,3204.6,3271.45,226331.9892,2025-01-21 23:59:59.999,734703419.39250200,1676720,110431.77410000,358581431.22948400,0,3247.225,-12.539999999999964
