Open Time,Open,High,Low,Close,Volume,Close Time,Quote Asset Volume,Number of Trades,Taker Buy Base Volume,Taker Buy Quote Volume,Ignore
2023-09-10,1635.53000000,1635.70000000,1600.00000000,1617.42000000,207957.84280000,2023-09-10 23:59:59.999,336517904.44357200,292581,100039.46380000,161887440.95607500,0
2023-09-11,1617.42000000,1619.00000000,1531.01000000,1551.85000000,417424.81890000,2023-09-11 23:59:59.999,657137141.34232000,470056,202066.27300000,318051411.66556500,0
2023-09-12,1551.84000000,1626.00000000,1549.67000000,1592.97000000,329739.96850000,2023-09-12 23:59:59.999,525392019.74439200,444268,163861.72240000,260938398.99068400,0
2023-09-13,1592.97000000,1619.30000000,1581.88000000,1607.62000000,223409.28890000,2023-09-13 23:59:59.999,357304191.67390100,349327,107880.37120000,172522864.73323100,0
2023-09-14,1607.61000000,1644.29000000,1607.05000000,1626.47000000,275301.15050000,2023-09-14 23:59:59.999,447913522.75155000,414952,138634.91200000,225589264.49306300,0
2023-09-15,1626.48000000,1654.08000000,1611.42000000,1641.29000000,181340.02400000,2023-09-15 23:59:59.999,295616593.10786500,313776,88087.76060000,143641063.63150800,0
2023-09-16,1641.30000000,1653.17000000,1631.31000000,1634.40000000,99555.46710000,2023-09-16 23:59:59.999,163144495.69107900,245713,43821.93810000,71819073.48656100,0
2023-09-17,1634.40000000,1635.00000000,1612.00000000,1622.48000000,120227.41170000,2023-09-17 23:59:59.999,195464805.89100300,264713,53504.64230000,86960701.56543400,0
2023-09-18,1622.48000000,1669.50000000,1603.88000000,1636.66000000,279041.69780000,2023-09-18 23:59:59.999,458235380.24668600,453410,138512.84180000,227475377.92370300,0
2023-09-19,1636.66000000,1661.04000000,1626.32000000,1643.12000000,184282.42580000,2023-09-19 23:59:59.999,302910996.59182800,350549,87617.88890000,144020378.48103300,0
2023-09-20,1643.13000000,1649.34000000,1604.51000000,1622.26000000,232844.23470000,2023-09-20 23:59:59.999,379255954.95170500,382581,110068.56250000,179266382.86945100,0
2023-09-21,1622.27000000,1625.30000000,1567.77000000,1583.94000000,240627.54400000,2023-09-21 23:59:59.999,384503484.65584100,368163,113477.52690000,181209870.85890900,0
2023-09-22,1583.94000000,1602.68000000,1576.58000000,1593.08000000,124886.09100000,2023-09-22 23:59:59.999,198987470.05588800,267398,59931.03820000,95501097.43361500,0
2023-09-23,1593.07000000,1598.24000000,1587.45000000,1593.86000000,64537.13410000,2023-09-23 23:59:59.999,102806906.08343100,217950,29897.50660000,47624962.92926800,0
2023-09-24,1593.85000000,1601.12000000,1570.01000000,1580.71000000,137517.85330000,2023-09-24 23:59:59.999,218549215.97400900,307377,69567.52880000,110560825.81027300,0
2023-09-25,1580.71000000,1597.50000000,1563.01000000,1588.33000000,176706.92770000,2023-09-25 23:59:59.999,279294486.72266100,405042,86242.67550000,136326196.38298200,0
2023-09-26,1588.34000000,1599.78000000,1580.05000000,1594.01000000,125583.01610000,2023-09-26 23:59:59.999,199551097.28954800,317309,60123.62820000,95545795.23509700,0
2023-09-27,1594.02000000,1634.10000000,1583.50000000,1598.64000000,274404.43280000,2023-09-27 23:59:59.999,440883556.96005400,478489,130309.72470000,209389151.24377600,0
2023-09-28,1598.63000000,1668.21000000,1598.14000000,1652.99000000,331409.70150000,2023-09-28 23:59:59.999,541873730.29669800,567825,161317.02190000,263716289.47712900,0
2023-09-29,1653.00000000,1688.00000000,1648.37000000,1667.45000000,251975.67280000,2023-09-29 23:59:59.999,420335662.09662800,494615,119324.55780000,199086852.66872900,0
2023-09-30,1667.45000000,1694.32000000,1666.19000000,1670.89000000,136924.91410000,2023-09-30 23:59:59.999,229630339.53543700,342315,74748.05190000,125347764.51287300,0
2023-10-01,1670.89000000,1751.00000000,1668.00000000,1733.79000000,225611.58680000,2023-10-01 23:59:59.999,383793846.18348800,495195,113996.16590000,194000592.08668800,0
2023-10-02,1733.80000000,1744.00000000,1636.79000000,1662.40000000,378575.68980000,2023-10-02 23:59:59.999,643680600.09260300,773990,181099.22020000,308057405.92135800,0
2023-10-03,1662.41000000,1670.65000000,1643.00000000,1656.88000000,198287.11640000,2023-10-03 23:59:59.999,328606758.39861700,530016,93742.61540000,155357300.32174700,0
2023-10-04,1656.88000000,1657.66000000,1625.00000000,1646.58000000,222861.71670000,2023-10-04 23:59:59.999,365919693.07999000,553269,105410.57680000,173086611.24806600,0
2023-10-05,1646.58000000,1655.47000000,1606.73000000,1611.79000000,237378.74490000,2023-10-05 23:59:59.999,386770321.77235200,545845,110822.14590000,180526551.03047100,0
2023-10-06,1611.79000000,1662.00000000,1611.68000000,1645.03000000,220507.92860000,2023-10-06 23:59:59.999,360565723.57884400,539488,109623.00060000,179235720.66966800,0
2023-10-07,1645.03000000,1647.71000000,1630.03000000,1633.57000000,101241.57320000,2023-10-07 23:59:59.999,165907550.80901300,288695,47002.98120000,77028514.72954500,0
2023-10-08,1633.56000000,1641.40000000,1616.17000000,1632.84000000,149424.66350000,2023-10-08 23:59:59.999,243516204.38871700,372636,72838.61570000,118698298.92276700,0
2023-10-09,1632.85000000,1636.00000000,1546.00000000,1580.13000000,340141.09880000,2023-10-09 23:59:59.999,540588837.45958900,646240,167250.98390000,265609380.01829500,0
2023-10-10,1580.13000000,1594.90000000,1550.55000000,1567.63000000,240659.32870000,2023-10-10 23:59:59.999,378967575.34008300,613660,122514.98030000,192965581.78925500,0
2023-10-11,1567.62000000,1578.43000000,1544.26000000,1566.87000000,260253.96710000,2023-10-11 23:59:59.999,406667649.14402200,605321,134785.48640000,210618804.52340000,0
2023-10-12,1566.86000000,1568.56000000,1521.00000000,1539.61000000,237221.49770000,2023-10-12 23:59:59.999,366335747.01366700,510960,110863.92500000,171195520.91783800,0
2023-10-13,1539.61000000,1575.36000000,1537.76000000,1552.16000000,192205.87360000,2023-10-13 23:59:59.999,297929349.18692500,520123,92439.20410000,143291580.64583900,0
2023-10-14,1552.16000000,1561.72000000,1544.55000000,1554.94000000,100314.67540000,2023-10-14 23:59:59.999,155648012.90784400,281561,41626.75670000,64617045.02605300,0
2023-10-15,1554.94000000,1567.62000000,1547.44000000,1557.77000000,120311.27380000,2023-10-15 23:59:59.999,187266232.06238600,316951,57789.47240000,89957330.73435300,0
2023-10-16,1557.78000000,1639.43000000,1555.06000000,1599.42000000,418510.86440000,2023-10-16 23:59:59.999,665124956.25364000,729569,215767.08560000,342929071.44598200,0
2023-10-17,1599.41000000,1600.53000000,1551.08000000,1565.01000000,234817.06990000,2023-10-17 23:59:59.999,370032208.15675400,475213,106364.46260000,167596650.46421400,0
2023-10-18,1565.01000000,1585.42000000,1555.88000000,1563.44000000,177750.22530000,2023-10-18 23:59:59.999,279357949.45458000,440577,87939.03430000,138219607.96215800,0
2023-10-19,1563.45000000,1574.45000000,1541.61000000,1566.57000000,216217.66750000,2023-10-19 23:59:59.999,336684246.04449600,469598,101807.26510000,158534910.77649600,0
2023-10-20,1566.57000000,1630.40000000,1561.19000000,1603.89000000,315995.79200000,2023-10-20 23:59:59.999,506065182.98231400,651738,158954.72470000,254549257.17093600,0
2023-10-21,1603.88000000,1644.53000000,1592.36000000,1628.94000000,176419.40920000,2023-10-21 23:59:59.999,285546594.56213000,463033,89419.90930000,144754684.68165700,0
2023-10-22,1628.94000000,1667.80000000,1621.10000000,1663.70000000,228650.92250000,2023-10-22 23:59:59.999,374841495.30439100,580843,108635.98610000,178084510.66694800,0
2023-10-23,1663.69000000,1800.00000000,1657.07000000,1765.46000000,610931.96630000,2023-10-23 23:59:59.999,1044121568.09905400,1167834,302609.53350000,517197485.18685300,0
2023-10-24,1765.47000000,1854.38000000,1756.21000000,1784.98000000,674055.13750000,2023-10-24 23:59:59.999,1216867823.89922500,1308532,335960.76130000,606671583.33911700,0
2023-10-25,1784.98000000,1817.69000000,1760.00000000,1787.15000000,354410.82940000,2023-10-25 23:59:59.999,634289515.56577900,774777,177656.30270000,318020760.74040300,0
2023-10-26,1787.15000000,1865.54000000,1762.21000000,1803.38000000,431169.04530000,2023-10-26 23:59:59.999,781481904.95969700,901019,216166.78560000,391693373.21916700,0
2023-10-27,1803.39000000,1803.91000000,1744.66000000,1779.40000000,274532.69210000,2023-10-27 23:59:59.999,488398895.21753700,594592,137263.46820000,244249949.51807600,0
2023-10-28,1779.41000000,1803.23000000,1770.00000000,1776.20000000,122919.73820000,2023-10-28 23:59:59.999,219588597.64105000,333711,59590.45430000,106460555.45935900,0
2023-10-29,1776.21000000,1811.30000000,1762.66000000,1795.14000000,144110.65080000,2023-10-29 23:59:59.999,258015412.93155400,371024,68282.97790000,122240383.72822500,0
2023-10-30,1795.14000000,1829.84000000,1777.77000000,1809.04000000,277686.19200000,2023-10-30 23:59:59.999,501228029.31760500,560359,134895.64800000,243576319.80932100,0
2023-10-31,1809.03000000,1819.41000000,1780.99000000,1814.67000000,258074.57960000,2023-10-31 23:59:59.999,464695558.99525400,577888,120112.91540000,216284275.88791600,0
2023-11-01,1814.67000000,1857.66000000,1783.19000000,1846.99000000,471921.61840000,2023-11-01 23:59:59.999,858744655.31150800,862416,234932.89940000,427830377.61923100,0
2023-11-02,1846.99000000,1875.00000000,1785.01000000,1800.80000000,368738.21930000,2023-11-02 23:59:59.999,674522153.76558900,790110,185623.84900000,339696387.31557100,0
2023-11-03,1800.79000000,1834.58000000,1777.11000000,1832.71000000,315000.26780000,2023-11-03 23:59:59.999,568244477.51770300,713592,148670.14460000,268213982.30877700,0
2023-11-04,1832.70000000,1869.90000000,1824.03000000,1855.54000000,171538.03640000,2023-11-04 23:59:59.999,315560482.70251600,463794,90964.88280000,167382926.70823700,0
2023-11-05,1855.54000000,1912.67000000,1846.11000000,1891.71000000,383106.76280000,2023-11-05 23:59:59.999,721508408.94399200,780672,194760.18480000,366825053.12650500,0
2023-11-06,1891.71000000,1914.23000000,1868.48000000,1900.95000000,328746.23940000,2023-11-06 23:59:59.999,622198937.15669200,717293,163547.45760000,309583391.10696100,0
2023-11-07,1900.95000000,1906.99000000,1850.32000000,1885.27000000,332419.44060000,2023-11-07 23:59:59.999,625566317.42704500,760921,157050.09940000,295599094.27211800,0
2023-11-08,1885.26000000,1904.69000000,1872.51000000,1888.12000000,247881.09970000,2023-11-08 23:59:59.999,468144576.74145400,514836,125671.61970000,237346429.60485600,0
2023-11-09,1888.11000000,2132.00000000,1882.07000000,2121.32000000,1100330.32370000,2023-11-09 23:59:59.999,2200484378.92985000,1657379,576184.41160000,1151326154.69537700,0
2023-11-10,2121.33000000,2136.99000000,2064.61000000,2077.72000000,555573.64950000,2023-11-10 23:59:59.999,1167220520.82826100,880646,270796.81850000,569032269.47012900,0
2023-11-11,2077.72000000,2089.60000000,2030.30000000,2053.17000000,370966.03720000,2023-11-11 23:59:59.999,763796737.40937500,675522,177075.17870000,364652650.68236400,0
2023-11-12,2053.16000000,2066.50000000,2012.10000000,2044.68000000,281907.55900000,2023-11-12 23:59:59.999,577153459.51571000,556231,142320.70720000,291430126.46568400,0
2023-11-13,2044.69000000,2118.00000000,2028.49000000,2053.65000000,529143.58150000,2023-11-13 23:59:59.999,1093862454.32137400,1025249,261963.73590000,541622293.08972100,0
2023-11-14,2053.65000000,2064.96000000,1936.60000000,1979.39000000,481909.73300000,2023-11-14 23:59:59.999,972032428.32657300,884487,227697.39860000,459505858.16015600,0
2023-11-15,1979.40000000,2062.40000000,1967.01000000,2058.48000000,421870.80320000,2023-11-15 23:59:59.999,847945999.66400000,731745,214270.80550000,430649792.14313200,0
2023-11-16,2058.49000000,2090.40000000,1939.10000000,1961.77000000,545286.12970000,2023-11-16 23:59:59.999,1101174547.30860900,991673,258249.24060000,521815881.91400900,0
2023-11-17,1961.77000000,1991.50000000,1904.00000000,1960.82000000,401100.50690000,2023-11-17 23:59:59.999,783561858.01188900,788071,190084.30410000,371312547.95541200,0
2023-11-18,1960.82000000,1971.22000000,1916.00000000,1962.60000000,279368.22080000,2023-11-18 23:59:59.999,543924395.73302800,535494,125794.98940000,245020429.99701000,0
2023-11-19,1962.59000000,2015.75000000,1942.89000000,2011.47000000,251132.61920000,2023-11-19 23:59:59.999,494600634.89114600,506631,126144.44170000,248644868.45796300,0
2023-11-20,2011.47000000,2066.40000000,1990.00000000,2021.40000000,421717.67900000,2023-11-20 23:59:59.999,854002757.45117200,751621,202758.58950000,410688842.47982300,0
2023-11-21,2021.41000000,2034.60000000,1931.43000000,1933.01000000,490163.98630000,2023-11-21 23:59:59.999,974304142.39717400,888864,228457.66450000,454169629.26029600,0
2023-11-22,1933.01000000,2092.46000000,1928.41000000,2063.21000000,466120.51090000,2023-11-22 23:59:59.999,943776525.65738000,796700,230629.99370000,466898382.31101400,0
2023-11-23,2063.22000000,2088.94000000,2040.35000000,2062.20000000,250960.69580000,2023-11-23 23:59:59.999,517482313.45225600,527877,125214.91690000,258240481.04709900,0
2023-11-24,2062.21000000,2133.02000000,2059.37000000,2080.84000000,426932.54020000,2023-11-24 23:59:59.999,894370772.51811400,672044,209685.71700000,439269617.03678300,0
2023-11-25,2080.84000000,2090.54000000,2065.30000000,2083.09000000,138847.39300000,2023-11-25 23:59:59.999,288887833.97800400,350920,69009.33430000,143596956.95353100,0
2023-11-26,2083.10000000,2094.99000000,2036.42000000,2062.33000000,241262.91360000,2023-11-26 23:59:59.999,499314260.83391500,510922,118774.15090000,245826217.30275600,0
2023-11-27,2062.34000000,2071.24000000,1985.78000000,2027.50000000,326073.22980000,2023-11-27 23:59:59.999,660673302.74006000,622522,159492.23910000,323207766.23646300,0
2023-11-28,2027.50000000,2075.00000000,1995.15000000,2048.14000000,283775.92790000,2023-11-28 23:59:59.999,578404413.95846800,606358,146633.56520000,298858840.66262700,0
2023-11-29,2048.14000000,2075.70000000,2019.31000000,2028.81000000,254843.73190000,2023-11-29 23:59:59.999,521225853.33225000,503614,125984.04410000,257660016.09729500,0
2023-11-30,2028.80000000,2054.75000000,2020.85000000,2051.96000000,243680.09210000,2023-11-30 23:59:59.999,496360388.66638500,458227,123357.98750000,251301504.63400300,0
2023-12-01,2051.95000000,2110.87000000,2045.04000000,2087.24000000,372645.58600000,2023-12-01 23:59:59.999,778670941.03376000,598646,193580.10240000,404463202.52867400,0
2023-12-02,2087.24000000,2186.60000000,2086.25000000,2164.74000000,320979.97680000,2023-12-02 23:59:59.999,684434398.68424500,618401,177507.90650000,378562669.28843400,0
2023-12-03,2164.75000000,2217.27000000,2149.00000000,2192.95000000,257879.11360000,2023-12-03 23:59:59.999,560343820.02850900,556948,135206.30790000,293879684.38655900,0
2023-12-04,2192.96000000,2274.28000000,2191.00000000,2243.37000000,565307.71340000,2023-12-04 23:59:59.999,1263069834.20861200,980117,283090.74670000,632410939.65829000,0
2023-12-05,2243.36000000,2309.72000000,2188.33000000,2293.33000000,529829.72140000,2023-12-05 23:59:59.999,1190597719.19322700,1018557,272102.51620000,611589710.74711000,0
2023-12-06,2293.33000000,2312.23000000,2220.00000000,2232.70000000,408338.90560000,2023-12-06 23:59:59.999,925926168.10934200,842212,201586.64380000,457181711.84181900,0
2023-12-07,2232.70000000,2382.80000000,2222.00000000,2355.73000000,485190.06090000,2023-12-07 23:59:59.999,1115389522.52305300,921917,253392.50300000,582277684.03791300,0
2023-12-08,2355.74000000,2392.00000000,2336.34000000,2358.72000000,378569.81260000,2023-12-08 23:59:59.999,893841920.83732000,713431,188434.41100000,444945340.37882700,0
2023-12-09,2358.71000000,2403.00000000,2328.01000000,2340.49000000,287771.06640000,2023-12-09 23:59:59.999,679437458.93125400,648813,143129.42620000,338059268.85995200,0
2023-12-10,2340.48000000,2377.47000000,2320.00000000,2352.39000000,200037.21020000,2023-12-10 23:59:59.999,469860963.94715300,464455,98846.24030000,232231421.44970500,0
2023-12-11,2352.39000000,2355.00000000,2156.62000000,2225.12000000,640414.91660000,2023-12-11 23:59:59.999,1426910964.96622000,1153316,310376.71830000,691367771.31758400,0
2023-12-12,2225.11000000,2244.12000000,2166.00000000,2203.46000000,361588.90870000,2023-12-12 23:59:59.999,799015127.41497400,804062,174479.15720000,385626460.74170900,0
2023-12-13,2203.47000000,2284.02000000,2144.32000000,2260.16000000,418916.61540000,2023-12-13 23:59:59.999,922420273.94725300,897019,208136.21200000,458517097.43953700,0
2023-12-14,2260.16000000,2332.11000000,2228.20000000,2315.32000000,409508.09310000,2023-12-14 23:59:59.999,934716057.65086400,918965,199995.25980000,456684016.25940700,0
2023-12-15,2315.32000000,2317.81000000,2200.00000000,2220.50000000,333552.63280000,2023-12-15 23:59:59.999,754022987.24772200,714102,158002.09790000,357145001.64517100,0
2023-12-16,2220.51000000,2263.40000000,2210.00000000,2228.96000000,199285.92300000,2023-12-16 23:59:59.999,446980227.08283500,528692,102517.14940000,229991096.38707800,0
2023-12-17,2228.96000000,2248.68000000,2191.50000000,2196.52000000,225925.76750000,2023-12-17 23:59:59.999,501306718.24280800,531241,110196.73310000,244591673.21800200,0
2023-12-18,2196.53000000,2224.00000000,2116.60000000,2219.43000000,364103.11810000,2023-12-18 23:59:59.999,789100505.03171100,769310,185328.36640000,401777681.85963600,0
2023-12-19,2219.44000000,2255.00000000,2135.55000000,2177.91000000,383551.40490000,2023-12-19 23:59:59.999,847060839.70839800,786067,199184.67690000,440190473.49901500,0
2023-12-20,2177.90000000,2266.00000000,2156.00000000,2202.17000000,416841.62720000,2023-12-20 23:59:59.999,922794580.70340200,867198,217937.72750000,482487428.03181000,0
2023-12-21,2202.17000000,2279.31000000,2182.98000000,2239.61000000,453069.72520000,2023-12-21 23:59:59.999,1010354340.13579900,848508,231043.88830000,515263188.51310800,0
2023-12-22,2239.60000000,2343.15000000,2230.59000000,2324.54000000,591357.48800000,2023-12-22 23:59:59.999,1358322906.95807800,1124820,304284.72800000,698670214.94879500,0
2023-12-23,2324.54000000,2330.65000000,2265.00000000,2308.20000000,255626.93520000,2023-12-23 23:59:59.999,586078143.24207900,588229,125338.90030000,287364940.98055700,0
2023-12-24,2308.20000000,2326.19000000,2245.00000000,2264.05000000,307951.07600000,2023-12-24 23:59:59.999,705420988.78504000,711200,149344.80480000,342167364.79642400,0
2023-12-25,2264.04000000,2304.80000000,2253.10000000,2271.35000000,286277.16160000,2023-12-25 23:59:59.999,652158658.25835100,613108,142610.65470000,324881292.11961500,0
2023-12-26,2271.36000000,2274.99000000,2178.45000000,2230.88000000,410413.15910000,2023-12-26 23:59:59.999,916097827.49845000,701701,204347.73880000,456146429.33845700,0
2023-12-27,2230.88000000,2392.44000000,2211.88000000,2378.35000000,541537.35740000,2023-12-27 23:59:59.999,1250873719.55066100,978666,275739.28200000,637066006.82783400,0
2023-12-28,2378.35000000,2445.80000000,2335.00000000,2344.15000000,580459.98200000,2023-12-28 23:59:59.999,1385456486.28619100,1241094,286686.85360000,684383781.91887600,0
2023-12-29,2344.15000000,2385.41000000,2255.34000000,2299.20000000,450201.20690000,2023-12-29 23:59:59.999,1049566350.12220900,990308,220819.11790000,515080529.83158400,0
2023-12-30,2299.20000000,2322.84000000,2268.00000000,2291.68000000,210539.13270000,2023-12-30 23:59:59.999,483369913.47884600,555932,104439.50030000,239815289.25653100,0
2023-12-31,2291.68000000,2321.34000000,2258.88000000,2281.87000000,222175.87790000,2023-12-31 23:59:59.999,510046689.18739600,548848,109570.80690000,251574412.24206300,0
2024-01-01,2281.87000000,2352.37000000,2265.24000000,2352.04000000,216702.69140000,2024-01-01 23:59:59.999,500451219.61280600,536670,112374.43700000,259588575.40024500,0
2024-01-02,2352.05000000,2431.30000000,2341.00000000,2355.34000000,458041.66420000,2024-01-02 23:59:59.999,1090922198.04909100,1028335,223746.24220000,532982278.47975200,0
2024-01-03,2355.35000000,2385.45000000,2100.00000000,2209.72000000,798729.48690000,2024-01-03 23:59:59.999,1797597895.17990400,1351067,401227.76080000,903126257.91575700,0
2024-01-04,2209.72000000,2294.69000000,2201.91000000,2267.11000000,448844.05500000,2024-01-04 23:59:59.999,1009072619.20677300,780771,234794.62830000,527905592.14952300,0
2024-01-05,2267.11000000,2277.21000000,2206.17000000,2268.78000000,405568.00060000,2024-01-05 23:59:59.999,910367621.18166200,758963,213615.44270000,479634490.30828000,0
2024-01-06,2268.78000000,2270.00000000,2216.40000000,2240.78000000,194067.86560000,2024-01-06 23:59:59.999,434867515.95915700,450441,96482.41730000,216188633.00675600,0
2024-01-07,2240.77000000,2258.01000000,2203.46000000,2221.42000000,207138.69270000,2024-01-07 23:59:59.999,463525159.25742900,516569,102848.67020000,230218378.95440000,0
2024-01-08,2221.42000000,2358.20000000,2166.38000000,2330.44000000,539407.55470000,2024-01-08 23:59:59.999,1221527410.44082200,1069027,279216.73100000,632217788.55808000,0
2024-01-09,2330.43000000,2371.72000000,2226.78000000,2344.29000000,551454.99310000,2024-01-09 23:59:59.999,1267764132.83607700,1196445,273075.88920000,627991032.60132400,0
2024-01-10,2344.30000000,2643.10000000,2339.59000000,2584.38000000,1038388.66600000,2024-01-10 23:59:59.999,2536320982.38854300,2010707,535126.43720000,1307342421.54056900,0
2024-01-11,2584.37000000,2689.39000000,2566.01000000,2618.01000000,838712.25770000,2024-01-11 23:59:59.999,2194916359.19164600,1693755,422894.05640000,1106947875.84467300,0
2024-01-12,2618.01000000,2717.32000000,2458.00000000,2522.54000000,887457.76270000,2024-01-12 23:59:59.999,2318179618.08691200,1860636,438363.57200000,1145981221.30549400,0
2024-01-13,2522.55000000,2590.00000000,2497.50000000,2578.19000000,422061.23200000,2024-01-13 23:59:59.999,1075466481.72042000,898845,218172.40570000,556065721.44368000,0
2024-01-14,2578.18000000,2578.69000000,2470.00000000,2472.87000000,306207.74630000,2024-01-14 23:59:59.999,774962904.80711700,732294,144164.47900000,364865278.47385700,0
2024-01-15,2472.87000000,2553.82000000,2470.92000000,2511.78000000,315247.88190000,2024-01-15 23:59:59.999,793871974.87160100,789378,159083.43660000,400685806.64176400,0
2024-01-16,2511.79000000,2614.43000000,2500.05000000,2587.40000000,381077.62470000,2024-01-16 23:59:59.999,972060398.77460000,1140088,201471.81520000,514039096.29154800,0
2024-01-17,2587.41000000,2592.97000000,2506.75000000,2530.19000000,366281.34770000,2024-01-17 23:59:59.999,933809190.34820800,1140624,180607.81460000,460417669.70201800,0
2024-01-18,2530.20000000,2550.00000000,2428.56000000,2470.81000000,452090.10740000,2024-01-18 23:59:59.999,1129803152.91478800,894355,213299.17890000,533210494.56816800,0
2024-01-19,2470.81000000,2504.20000000,2415.20000000,2492.00000000,424209.00290000,2024-01-19 23:59:59.999,1047352971.89337000,855044,206802.95850000,510669928.42324200,0
2024-01-20,2491.99000000,2492.00000000,2454.20000000,2472.01000000,136620.95770000,2024-01-20 23:59:59.999,337794603.14760000,418938,64429.72620000,159284530.83930200,0
2024-01-21,2472.02000000,2482.18000000,2452.13000000,2457.05000000,122572.16870000,2024-01-21 23:59:59.999,303022758.72808200,360446,61174.35550000,151252878.97845200,0
2024-01-22,2457.06000000,2466.10000000,2303.59000000,2314.20000000,526337.64920000,2024-01-22 23:59:59.999,1252505758.32290400,933793,245492.64200000,584077487.05425800,0
2024-01-23,2314.19000000,2352.23000000,2168.07000000,2242.60000000,700105.33140000,2024-01-23 23:59:59.999,1568448812.43809000,1204183,342792.23580000,768007673.88793500,0
2024-01-24,2242.60000000,2264.60000000,2196.12000000,2235.02000000,359851.14960000,2024-01-24 23:59:59.999,802477123.10851500,801012,175571.10550000,391550218.45457200,0
2024-01-25,2235.02000000,2242.89000000,2171.30000000,2218.64000000,330426.60610000,2024-01-25 23:59:59.999,731016014.38228900,756164,167421.81490000,370422421.76426600,0
2024-01-26,2218.64000000,2282.36000000,2195.84000000,2267.68000000,363566.42550000,2024-01-26 23:59:59.999,815753832.16317100,823603,182453.18340000,409362536.72305900,0
2024-01-27,2267.67000000,2282.94000000,2251.40000000,2267.94000000,145109.38360000,2024-01-27 23:59:59.999,329102144.45981500,416970,71016.41810000,161066722.42544700,0
2024-01-28,2267.94000000,2308.24000000,2239.89000000,2256.90000000,209326.90870000,2024-01-28 23:59:59.999,476534769.15889200,566626,104154.04960000,237191132.09913600,0
2024-01-29,2256.90000000,2322.34000000,2233.80000000,2317.60000000,305528.07760000,2024-01-29 23:59:59.999,696374288.61947300,681798,162757.94930000,370938691.79153600,0
2024-01-30,2317.61000000,2391.98000000,2297.00000000,2343.01000000,372879.57910000,2024-01-30 23:59:59.999,871148737.16665800,770660,183075.94900000,427968852.78869700,0
2024-01-31,2343.00000000,2351.60000000,2263.57000000,2283.14000000,397116.18590000,2024-01-31 23:59:59.999,920131584.29010400,922884,190645.60670000,441780164.05471900,0
2024-02-01,2283.15000000,2311.72000000,2240.00000000,2304.28000000,310997.45380000,2024-02-01 23:59:59.999,708868445.04675500,779472,158219.25580000,360682829.63350700,0
2024-02-02,2304.28000000,2324.74000000,2281.94000000,2309.06000000,238230.51100000,2024-02-02 23:59:59.999,549302201.69764200,574621,124140.55470000,286293198.37916000,0
2024-02-03,2309.07000000,2329.98000000,2292.75000000,2296.49000000,133232.84500000,2024-02-03 23:59:59.999,307866239.18644200,397464,67739.16040000,156542429.20219000,0
2024-02-04,2296.50000000,2311.00000000,2266.00000000,2289.79000000,171232.04440000,2024-02-04 23:59:59.999,393039532.45206800,506684,86355.84790000,198240508.08091100,0
2024-02-05,2289.79000000,2338.41000000,2269.11000000,2301.83000000,236610.41200000,2024-02-05 23:59:59.999,545576620.00256500,730863,119477.20730000,275457076.81283000,0
2024-02-06,2301.84000000,2392.40000000,2299.00000000,2372.64000000,368942.74980000,2024-02-06 23:59:59.999,864113645.78768100,861796,194747.05030000,455966832.43351500,0
2024-02-07,2372.63000000,2444.44000000,2354.00000000,2425.10000000,342791.70130000,2024-02-07 23:59:59.999,820475884.30352100,860357,170845.03340000,409066707.64434600,0
2024-02-08,2425.09000000,2463.15000000,2411.01000000,2419.55000000,338040.05390000,2024-02-08 23:59:59.999,821961943.65209600,894102,171666.22000000,417466887.60629000,0
2024-02-09,2419.56000000,2525.00000000,2419.16000000,2486.56000000,492384.38500000,2024-02-09 23:59:59.999,1222635531.62879300,1134276,267424.63820000,663906268.87270700,0
2024-02-10,2486.56000000,2516.45000000,2471.57000000,2500.24000000,185099.59000000,2024-02-10 23:59:59.999,461966177.39475600,622723,92100.74680000,229916992.53344300,0
2024-02-11,2500.24000000,2539.63000000,2493.45000000,2507.21000000,219975.14710000,2024-02-11 23:59:59.999,553430378.32506900,711081,108625.54970000,273332221.82282900,0
2024-02-12,2507.22000000,2665.58000000,2472.00000000,2659.99000000,449501.77600000,2024-02-12 23:59:59.999,1152087242.12635800,1019390,234514.58820000,600948748.23949700,0
2024-02-13,2659.99000000,2686.12000000,2590.00000000,2639.99000000,502447.74500000,2024-02-13 23:59:59.999,1328138932.92916900,1044885,251035.41080000,663739320.80016200,0
2024-02-14,2639.99000000,2786.00000000,2618.40000000,2774.81000000,461670.69440000,2024-02-14 23:59:59.999,1258639954.54766500,1090412,239546.56980000,653095961.20462500,0
2024-02-15,2774.80000000,2867.65000000,2759.25000000,2822.59000000,481689.18740000,2024-02-15 23:59:59.999,1353587492.51477500,1347619,243023.63420000,682988254.22000400,0
2024-02-16,2822.58000000,2857.40000000,2740.00000000,2801.80000000,378070.80370000,2024-02-16 23:59:59.999,1062271564.48786000,1123447,185179.05050000,520346616.72079800,0
2024-02-17,2801.81000000,2804.21000000,2719.01000000,2785.93000000,243302.87590000,2024-02-17 23:59:59.999,673711593.25171300,969157,119901.82840000,332078826.68692700,0
2024-02-18,2785.92000000,2895.00000000,2764.25000000,2881.20000000,367987.88330000,2024-02-18 23:59:59.999,1037802342.59328700,1311570,195921.89910000,552680229.20223500,0
2024-02-19,2881.20000000,2984.52000000,2856.93000000,2944.80000000,446451.04010000,2024-02-19 23:59:59.999,1302430726.12966100,1539410,227406.12000000,663377285.58220500,0
2024-02-20,2944.80000000,3033.09000000,2874.56000000,3014.81000000,634681.74710000,2024-02-20 23:59:59.999,1868745481.64754900,1517960,326652.00620000,962250454.92416700,0
2024-02-21,3014.81000000,3017.15000000,2868.00000000,2967.90000000,595955.00330000,2024-02-21 23:59:59.999,1746960179.79394000,1256455,304412.85950000,892448097.68690600,0
2024-02-22,2967.91000000,3036.02000000,2906.51000000,2971.40000000,563525.99360000,2024-02-22 23:59:59.999,1676206889.45140500,1205856,287462.40820000,855123373.24319600,0
2024-02-23,2971.40000000,2993.80000000,2906.05000000,2922.24000000,428826.57870000,2024-02-23 23:59:59.999,1261137725.51195200,1003464,213798.49070000,628768240.52667000,0
2024-02-24,2922.25000000,3007.48000000,2906.40000000,2992.62000000,243854.07830000,2024-02-24 23:59:59.999,721993808.56619300,718718,129344.76130000,382999668.62912800,0
2024-02-25,2992.62000000,3122.00000000,2983.61000000,3112.59000000,412306.22370000,2024-02-25 23:59:59.999,1257766106.54629900,1085332,214481.50730000,654277370.55054800,0
2024-02-26,3112.60000000,3196.00000000,3036.59000000,3175.94000000,546722.77470000,2024-02-26 23:59:59.999,1703165045.24149200,1391934,261235.60850000,814240988.84789700,0
2024-02-27,3175.95000000,3288.14000000,3160.02000000,3242.36000000,625939.12210000,2024-02-27 23:59:59.999,2025805516.97493300,1676466,313778.34230000,1015674724.02560100,0
2024-02-28,3242.35000000,3488.00000000,3176.16000000,3383.10000000,947538.76600000,2024-02-28 23:59:59.999,3153201034.91476300,2442603,475465.52590000,1583075300.15767100,0
2024-02-29,3383.11000000,3522.81000000,3300.00000000,3340.09000000,759698.11230000,2024-02-29 23:59:59.999,2608623102.49017000,2112875,391723.24190000,1346123911.22761600,0
2024-03-01,3340.10000000,3450.00000000,3338.54000000,3433.43000000,412788.57730000,2024-03-01 23:59:59.999,1405295834.57269400,1263130,199773.66220000,680364451.59478500,0
2024-03-02,3433.42000000,3460.04000000,3390.01000000,3421.40000000,283984.94480000,2024-03-02 23:59:59.999,971756920.45120900,926113,138242.27780000,473033589.27969500,0
2024-03-03,3421.39000000,3491.80000000,3360.00000000,3487.81000000,341631.53100000,2024-03-03 23:59:59.999,1172272660.98449000,1116823,168839.16330000,579484704.66524300,0
2024-03-04,3487.80000000,3640.94000000,3423.78000000,3627.76000000,715360.63610000,2024-03-04 23:59:59.999,2526905041.93919000,1953764,355054.02440000,1255112595.62117600,0
2024-03-05,3627.75000000,3822.04000000,3200.00000000,3553.65000000,1392904.86400000,2024-03-05 23:59:59.999,5043847679.68348000,3265582,683199.44230000,2476743374.29051500,0
2024-03-06,3553.66000000,3900.00000000,3499.40000000,3818.59000000,969494.71000000,2024-03-06 23:59:59.999,3652250924.27773700,2555462,479721.07800000,1807560970.84809900,0
2024-03-07,3818.58000000,3933.81000000,3735.00000000,3868.76000000,540780.67500000,2024-03-07 23:59:59.999,2067607917.44370900,1636716,272250.41110000,1041269288.71933800,0
2024-03-08,3868.76000000,3993.75000000,3820.00000000,3883.36000000,646399.25890000,2024-03-08 23:59:59.999,2534209920.00556500,1657141,322673.29910000,1265164190.07271500,0
2024-03-09,3883.37000000,3942.00000000,3870.01000000,3905.21000000,254839.13860000,2024-03-09 23:59:59.999,995823688.31355300,819335,128650.61440000,502755116.16450300,0
2024-03-10,3905.20000000,3964.67000000,3791.26000000,3878.47000000,356664.68000000,2024-03-10 23:59:59.999,1393415653.98342000,1195480,170475.83890000,666139346.30435300,0
2024-03-11,3878.47000000,4086.23000000,3722.95000000,4064.80000000,721554.51390000,2024-03-11 23:59:59.999,2874119154.30335900,1894504,332359.66550000,1322703936.94677500,0
2024-03-12,4064.80000000,4093.92000000,3828.98000000,3979.96000000,632787.39410000,2024-03-12 23:59:59.999,2522475873.08181000,1878541,317065.07300000,1263946890.58018300,0
2024-03-13,3979.97000000,4083.00000000,3932.23000000,4004.79000000,482305.77660000,2024-03-13 23:59:59.999,1933909390.30212400,1536498,246106.07390000,986890622.14806200,0
2024-03-14,4004.79000000,4010.98000000,3723.00000000,3881.70000000,648237.52450000,2024-03-14 23:59:59.999,2520007951.69120000,1919963,314205.63220000,1221942698.65234600,0
2024-03-15,3881.69000000,3934.02000000,3570.00000000,3742.19000000,947537.40710000,2024-03-15 23:59:59.999,3513477459.32044900,2487337,465197.94890000,1725903963.68835700,0
2024-03-16,3742.19000000,3781.12000000,3468.80000000,3523.09000000,548288.15690000,2024-03-16 23:59:59.999,1999176881.31261500,1798939,262005.60190000,956602039.48655800,0
2024-03-17,3523.09000000,3678.68000000,3412.00000000,3644.71000000,517790.99360000,2024-03-17 23:59:59.999,1843487764.62131400,1721355,255961.30400000,911579392.35715800,0
2024-03-18,3644.70000000,3645.02000000,3454.09000000,3520.46000000,570901.28510000,2024-03-18 23:59:59.999,2029690613.72146200,1906387,273425.62550000,972198172.92853300,0
2024-03-19,3520.47000000,3548.09000000,3150.88000000,3158.64000000,1049629.69360000,2024-03-19 23:59:59.999,3474307712.27645600,2647385,486413.34360000,1610306786.63624400,0
2024-03-20,3158.65000000,3535.24000000,3056.56000000,3516.53000000,1207322.82010000,2024-03-20 23:59:59.999,3957251428.89904100,2987953,589456.89720000,1933803131.47832000,0
2024-03-21,3516.53000000,3587.32000000,3412.00000000,3492.85000000,602755.20720000,2024-03-21 23:59:59.999,2114084858.15653500,1791989,295366.00080000,1035991329.66088000,0
2024-03-22,3492.84000000,3542.52000000,3250.00000000,3336.35000000,558848.88800000,2024-03-22 23:59:59.999,1891771641.01900700,1747756,278223.99010000,942265836.84989100,0
2024-03-23,3336.35000000,3435.48000000,3270.08000000,3329.53000000,323675.94480000,2024-03-23 23:59:59.999,1089778379.60122900,1129683,154840.95290000,521336391.12800600,0
2024-03-24,3329.53000000,3471.22000000,3298.76000000,3454.98000000,260824.14080000,2024-03-24 23:59:59.999,879033073.03145400,1090982,131855.25550000,444714434.07356100,0
2024-03-25,3454.99000000,3666.00000000,3420.12000000,3590.42000000,548577.69420000,2024-03-25 23:59:59.999,1945377748.66027000,1610130,294233.11020000,1043376714.76068300,0
2024-03-26,3590.43000000,3678.86000000,3542.62000000,3587.33000000,499013.83840000,2024-03-26 23:59:59.999,1800812035.84622400,1373691,232584.36360000,838803442.55084500,0
2024-03-27,3587.32000000,3665.84000000,3460.02000000,3501.19000000,443195.32970000,2024-03-27 23:59:59.999,1576098628.30797600,1436593,215695.79830000,767206050.83583600,0
2024-03-28,3501.20000000,3611.78000000,3465.00000000,3560.49000000,404654.03110000,2024-03-28 23:59:59.999,1436630524.62304300,1158353,206071.37730000,731610238.59360200,0
2024-03-29,3560.49000000,3584.37000000,3445.91000000,3509.74000000,323086.17900000,2024-03-29 23:59:59.999,1138548291.15838700,951744,153989.35510000,543117114.81437500,0
2024-03-30,3509.74000000,3565.81000000,3485.00000000,3505.64000000,216025.26340000,2024-03-30 23:59:59.999,759625521.45189200,750249,113298.41580000,398420911.34965000,0
2024-03-31,3505.65000000,3655.32000000,3505.09000000,3645.29000000,243464.98770000,2024-03-31 23:59:59.999,878141654.34598200,722927,128657.58320000,463986951.49486600,0
2024-04-01,3645.29000000,3645.95000000,3413.71000000,3503.80000000,408854.12250000,2024-04-01 23:59:59.999,1437691729.03231400,1115133,195398.26160000,687310223.77546700,0
2024-04-02,3503.80000000,3505.60000000,3212.00000000,3278.96000000,623264.64760000,2024-04-02 23:59:59.999,2068004456.06282300,1581408,301656.62520000,1000777383.27724900,0
2024-04-03,3278.96000000,3367.40000000,3202.79000000,3310.83000000,410484.19330000,2024-04-03 23:59:59.999,1358993604.79861500,1113644,203085.14790000,672512688.07080700,0
2024-04-04,3310.83000000,3443.93000000,3250.92000000,3327.40000000,356338.57160000,2024-04-04 23:59:59.999,1187792289.21437100,965695,172474.35660000,575142238.42727000,0
2024-04-05,3327.39000000,3350.00000000,3210.00000000,3317.85000000,344556.79830000,2024-04-05 23:59:59.999,1132252495.88912400,854139,170435.77660000,560317623.71712600,0
2024-04-06,3317.85000000,3398.42000000,3306.68000000,3351.59000000,183312.21250000,2024-04-06 23:59:59.999,612681489.14895400,549985,88419.09800000,295511518.81945200,0
2024-04-07,3351.59000000,3459.94000000,3344.08000000,3454.20000000,210459.07520000,2024-04-07 23:59:59.999,715174110.57383500,748530,105736.65480000,359423500.72974000,0
2024-04-08,3454.20000000,3730.71000000,3406.36000000,3694.61000000,496841.35320000,2024-04-08 23:59:59.999,1787240600.80865700,1333378,278914.02330000,1002520506.69926300,0
2024-04-09,3694.61000000,3727.34000000,3450.46000000,3506.39000000,457592.25200000,2024-04-09 23:59:59.999,1643610851.75092000,1046479,220547.08930000,791949096.35967700,0
2024-04-10,3506.40000000,3562.95000000,3411.82000000,3545.64000000,389404.90550000,2024-04-10 23:59:59.999,1361401195.43178500,915957,192647.04400000,673705538.77826900,0
2024-04-11,3545.64000000,3618.30000000,3474.52000000,3502.52000000,338139.55340000,2024-04-11 23:59:59.999,1197654094.44620700,890107,165840.84360000,587427817.31228900,0
2024-04-12,3502.52000000,3552.40000000,3100.00000000,3237.43000000,697327.11740000,2024-04-12 23:59:59.999,2328197177.42049500,1423600,330495.31490000,1105188365.98685800,0
2024-04-13,3237.42000000,3301.90000000,2852.00000000,3007.01000000,994971.23540000,2024-04-13 23:59:59.999,3066250202.83582600,2037632,462824.48330000,1424811475.09485000,0
2024-04-14,3007.01000000,3174.23000000,2906.73000000,3155.11000000,737580.46660000,2024-04-14 23:59:59.999,2244354713.13561600,1680666,371070.36530000,1128957864.66517200,0
2024-04-15,3155.11000000,3277.85000000,3023.19000000,3101.99000000,605430.88630000,2024-04-15 23:59:59.999,1911310147.23066300,1540774,291924.74400000,921674901.56819200,0
2024-04-16,3102.00000000,3128.01000000,2986.00000000,3084.22000000,526113.85500000,2024-04-16 23:59:59.999,1610290812.17309500,1461779,253281.27950000,775556508.63804200,0
2024-04-17,3084.21000000,3123.75000000,2914.47000000,2985.41000000,491897.56610000,2024-04-17 23:59:59.999,1483253378.35815800,1348404,251660.72620000,759106689.98242100,0
2024-04-18,2985.41000000,3094.40000000,2950.98000000,3064.40000000,389060.71330000,2024-04-18 23:59:59.999,1177977125.35813900,1168254,205229.85030000,621538711.14050200,0
2024-04-19,3064.40000000,3128.89000000,2865.18000000,3056.46000000,607850.40190000,2024-04-19 23:59:59.999,1843119282.76954900,1465901,307900.17740000,934301492.39758900,0
2024-04-20,3056.45000000,3171.88000000,3018.75000000,3155.79000000,242577.63710000,2024-04-20 23:59:59.999,749727918.39625800,812118,124363.79080000,384439163.55444700,0
2024-04-21,3155.79000000,3197.18000000,3116.49000000,3147.67000000,219970.50720000,2024-04-21 23:59:59.999,694988777.19102400,767260,112675.88850000,356074084.71209300,0
2024-04-22,3147.66000000,3235.00000000,3129.15000000,3200.20000000,290879.95690000,2024-04-22 23:59:59.999,928957385.38023000,993579,154288.59180000,492830847.64483600,0
2024-04-23,3200.19000000,3263.61000000,3152.00000000,3219.46000000,253914.22630000,2024-04-23 23:59:59.999,813798516.32038600,844893,130572.45640000,418614329.14076600,0
2024-04-24,3219.46000000,3293.56000000,3104.90000000,3140.80000000,393314.34140000,2024-04-24 23:59:59.999,1261617674.78529500,1130370,194455.12720000,623756637.15722200,0
2024-04-25,3140.79000000,3191.64000000,3072.20000000,3155.80000000,352288.55020000,2024-04-25 23:59:59.999,1104939534.27499700,861077,181392.80070000,568945918.81937700,0
2024-04-26,3155.81000000,3167.70000000,3102.00000000,3131.30000000,252522.65500000,2024-04-26 23:59:59.999,792255507.86255800,628635,127753.63760000,400872715.70927400,0
2024-04-27,3131.30000000,3285.00000000,3066.74000000,3255.56000000,323811.19190000,2024-04-27 23:59:59.999,1027413859.24945700,734026,174549.39360000,553988783.95665500,0
2024-04-28,3255.55000000,3357.40000000,3250.45000000,3263.45000000,304766.00900000,2024-04-28 23:59:59.999,1006628332.29004500,753239,157192.41940000,519222579.01955400,0
2024-04-29,3263.44000000,3286.95000000,3115.13000000,3216.73000000,421831.29120000,2024-04-29 23:59:59.999,1345237182.55342900,943719,211216.56130000,673542868.96057100,0
2024-04-30,3216.74000000,3250.95000000,2921.00000000,3014.05000000,561717.48660000,2024-04-30 23:59:59.999,1710124473.49570300,1292873,267662.56490000,814867898.87844900,0
2024-05-01,3014.04000000,3023.24000000,2817.00000000,2972.46000000,624963.77730000,2024-05-01 23:59:59.999,1827523436.86029300,1365039,303494.86740000,887304179.09162000,0
2024-05-02,2972.46000000,3016.72000000,2893.26000000,2986.19000000,365939.71910000,2024-05-02 23:59:59.999,1084862887.84794300,880167,200507.61300000,594224560.68736500,0
2024-05-03,2986.19000000,3126.99000000,2958.32000000,3102.61000000,355825.83910000,2024-05-03 23:59:59.999,1081409861.15412300,859542,186728.46230000,567590125.82831100,0
2024-05-04,3102.61000000,3168.00000000,3092.85000000,3117.23000000,196263.94880000,2024-05-04 23:59:59.999,613297368.10061800,575026,100770.98200000,314978702.10546600,0
2024-05-05,3117.24000000,3171.93000000,3072.99000000,3136.41000000,218760.26620000,2024-05-05 23:59:59.999,684143592.81457900,600693,115269.44800000,360512833.29317300,0
2024-05-06,3136.40000000,3221.40000000,3046.35000000,3062.60000000,355135.30270000,2024-05-06 23:59:59.999,1111315631.57641400,873200,172864.43340000,541369437.88073600,0
2024-05-07,3062.59000000,3129.85000000,2998.00000000,3005.69000000,298796.68290000,2024-05-07 23:59:59.999,917252045.68820300,815246,139762.85080000,429359938.30876500,0
2024-05-08,3005.69000000,3038.15000000,2936.48000000,2974.21000000,266934.81250000,2024-05-08 23:59:59.999,800460076.63566700,830635,133303.12380000,399808582.39447700,0
2024-05-09,2974.20000000,3059.00000000,2950.77000000,3036.23000000,238561.74620000,2024-05-09 23:59:59.999,715090822.07620500,686147,122805.92150000,368133010.88995100,0
2024-05-10,3036.24000000,3053.89000000,2878.03000000,2909.99000000,327855.87580000,2024-05-10 23:59:59.999,972264869.49205000,891040,154417.06720000,458374734.95848200,0
2024-05-11,2909.98000000,2945.67000000,2886.46000000,2912.45000000,138163.10870000,2024-05-11 23:59:59.999,402989065.56622900,466357,68667.22240000,200322136.66970100,0
2024-05-12,2912.45000000,2955.20000000,2901.17000000,2929.29000000,107670.63230000,2024-05-12 23:59:59.999,315212004.62252900,367990,49118.15230000,143794831.49423000,0
2024-05-13,2929.30000000,2996.40000000,2864.76000000,2950.99000000,368664.76480000,2024-05-13 23:59:59.999,1083553488.62321200,925017,186525.36870000,548782383.79362800,0
2024-05-14,2950.99000000,2960.60000000,2862.00000000,2881.93000000,269675.30370000,2024-05-14 23:59:59.999,783471918.25466600,617845,132978.23300000,386314503.84703400,0
2024-05-15,2881.93000000,3041.36000000,2863.75000000,3032.55000000,350254.31880000,2024-05-15 23:59:59.999,1036063008.59966000,760817,175148.41910000,518053714.89865800,0
2024-05-16,3032.55000000,3041.24000000,2922.80000000,2944.70000000,293874.15130000,2024-05-16 23:59:59.999,876706595.65802700,575271,140171.47960000,418208240.56744600,0
2024-05-17,2944.70000000,3120.00000000,2933.06000000,3092.01000000,357724.77310000,2024-05-17 23:59:59.999,1088374622.99119300,754274,180386.21600000,548948430.85819200,0
2024-05-18,3092.00000000,3146.98000000,3083.61000000,3122.94000000,199976.54560000,2024-05-18 23:59:59.999,622730956.33774800,527531,96341.44610000,300062897.67242900,0
2024-05-19,3122.94000000,3136.64000000,3053.38000000,3071.19000000,166145.01020000,2024-05-19 23:59:59.999,513790068.69183000,470419,74505.58370000,230359925.23298100,0
2024-05-20,3071.20000000,3694.00000000,3047.67000000,3661.78000000,847107.88280000,2024-05-20 23:59:59.999,2853349713.67270100,2226153,442408.94180000,1490710929.53451800,0
2024-05-21,3661.79000000,3841.54000000,3624.28000000,3789.60000000,952437.26940000,2024-05-21 23:59:59.999,3557244460.36325800,2204702,471779.51800000,1762078355.60011000,0
2024-05-22,3789.59000000,3813.69000000,3653.15000000,3737.73000000,574938.30990000,2024-05-22 23:59:59.999,2151256432.12026000,1339940,284002.59130000,1062768583.89509000,0
2024-05-23,3737.72000000,3949.29000000,3498.00000000,3783.61000000,1127866.07600000,2024-05-23 23:59:59.999,4283549690.44118100,2682768,564546.16610000,2145257882.16087900,0
2024-05-24,3783.60000000,3829.61000000,3626.10000000,3728.28000000,479418.43180000,2024-05-24 23:59:59.999,1782983862.21296700,1159074,244045.01040000,907694433.15898100,0
2024-05-25,3728.28000000,3779.43000000,3709.03000000,3749.26000000,158711.89920000,2024-05-25 23:59:59.999,594438275.80513700,503711,81761.11570000,306215084.30222700,0
2024-05-26,3749.25000000,3884.20000000,3731.17000000,3826.47000000,292208.29370000,2024-05-26 23:59:59.999,1115661431.00739700,697286,145205.44390000,554271417.29049900,0
2024-05-27,3826.47000000,3977.00000000,3823.37000000,3894.22000000,363717.64730000,2024-05-27 23:59:59.999,1424169372.46594600,971964,183721.86760000,719417955.98062900,0
2024-05-28,3894.21000000,3931.09000000,3773.90000000,3844.69000000,416249.83440000,2024-05-28 23:59:59.999,1605074794.24835400,941338,206643.35590000,796958340.18732000,0
2024-05-29,3844.69000000,3888.55000000,3742.59000000,3767.43000000,334759.63480000,2024-05-29 23:59:59.999,1274087642.07224300,883401,170583.44410000,649078378.82904600,0
2024-05-30,3767.44000000,3825.35000000,3702.58000000,3747.91000000,277034.28940000,2024-05-30 23:59:59.999,1042146006.39132000,765716,135950.14980000,511516684.88129400,0
2024-05-31,3747.90000000,3849.94000000,3723.75000000,3762.29000000,273406.76600000,2024-05-31 23:59:59.999,1032174005.21667600,680329,136551.98330000,515577099.53857900,0
2024-06-01,3762.29000000,3833.30000000,3752.67000000,3815.82000000,132687.20060000,2024-06-01 23:59:59.999,503500622.83785600,399377,70367.60980000,267068560.05088300,0
2024-06-02,3815.82000000,3838.59000000,3752.62000000,3780.91000000,210295.44070000,2024-06-02 23:59:59.999,798100737.66375700,579563,105997.65180000,402268605.70398100,0
2024-06-03,3780.92000000,3849.99000000,3758.43000000,3767.06000000,248848.70200000,2024-06-03 23:59:59.999,946239636.29637100,648868,125597.95440000,477669466.68620100,0
2024-06-04,3767.07000000,3831.65000000,3730.00000000,3810.23000000,232063.74680000,2024-06-04 23:59:59.999,878533930.59989000,568514,120842.24990000,457585643.87419900,0
2024-06-05,3810.23000000,3887.47000000,3777.33000000,3865.99000000,273738.60350000,2024-06-05 23:59:59.999,1046373693.42242900,645836,143786.33270000,549824316.32802500,0
2024-06-06,3866.00000000,3878.60000000,3760.00000000,3813.46000000,237504.19050000,2024-06-06 23:59:59.999,910751773.18159200,525050,116926.45290000,448449925.76810700,0
2024-06-07,3813.47000000,3841.39000000,3600.00000000,3678.32000000,362223.35940000,2024-06-07 23:59:59.999,1352307567.23834900,894006,163680.68050000,611499294.84940500,0
2024-06-08,3678.31000000,3709.50000000,3660.08000000,3681.57000000,140550.83940000,2024-06-08 23:59:59.999,518118534.03992200,364485,65014.43920000,239672339.12588400,0
2024-06-09,3681.58000000,3721.52000000,3666.36000000,3706.40000000,103451.10200000,2024-06-09 23:59:59.999,381854484.95566000,287960,48702.62220000,179769963.17597400,0
2024-06-10,3706.40000000,3713.67000000,3642.74000000,3667.85000000,156363.18460000,2024-06-10 23:59:59.999,575211243.30527000,391165,74799.52590000,275223031.29794300,0
2024-06-11,3667.85000000,3673.00000000,3432.00000000,3497.33000000,439568.59780000,2024-06-11 23:59:59.999,1552225947.17115500,1036229,207637.60210000,733338576.38693000,0
2024-06-12,3497.33000000,3659.01000000,3462.07000000,3560.12000000,387043.77400000,2024-06-12 23:59:59.999,1384558593.85822000,850527,187121.79170000,669515053.84192500,0
2024-06-13,3560.13000000,3561.65000000,3428.00000000,3469.40000000,300230.82990000,2024-06-13 23:59:59.999,1048214494.75108000,696369,147994.44390000,516749769.17987500,0
2024-06-14,3469.40000000,3532.61000000,3362.26000000,3481.80000000,322316.42140000,2024-06-14 23:59:59.999,1116570671.84894500,746613,159447.81450000,552550731.44663600,0
2024-06-15,3481.80000000,3594.39000000,3473.10000000,3568.74000000,246649.58940000,2024-06-15 23:59:59.999,873576137.27908000,500773,122544.60260000,433959818.41832800,0
2024-06-16,3568.75000000,3653.79000000,3541.05000000,3624.41000000,149839.98200000,2024-06-16 23:59:59.999,537492821.64342800,417858,77834.89670000,279215755.24814800,0
2024-06-17,3624.41000000,3638.37000000,3463.39000000,3511.46000000,337805.64020000,2024-06-17 23:59:59.999,1196162530.91905300,774085,166343.20520000,588834718.23454600,0
2024-06-18,3511.47000000,3517.20000000,3355.00000000,3483.42000000,449913.30140000,2024-06-18 23:59:59.999,1541798882.41169500,1062807,217161.58870000,744297791.43354200,0
2024-06-19,3483.42000000,3590.01000000,3465.65000000,3560.51000000,321500.00270000,2024-06-19 23:59:59.999,1138419054.65292700,712501,162762.02380000,576256549.35841500,0
2024-06-20,3560.51000000,3625.96000000,3486.00000000,3513.08000000,329117.84530000,2024-06-20 23:59:59.999,1170597741.25786900,743896,161277.79050000,573660167.60342100,0
2024-06-21,3513.08000000,3547.55000000,3446.82000000,3518.50000000,342155.10200000,2024-06-21 23:59:59.999,1197095546.23396300,746361,176183.03800000,616476628.14976100,0
2024-06-22,3518.50000000,3521.19000000,3475.09000000,3495.75000000,115774.61570000,2024-06-22 23:59:59.999,405045499.42158200,315684,57671.84140000,201786538.36821800,0
2024-06-23,3495.76000000,3521.45000000,3406.38000000,3420.91000000,133411.43040000,2024-06-23 23:59:59.999,463204539.05644000,338679,67467.46860000,234264816.82869500,0
2024-06-24,3420.91000000,3435.76000000,3240.00000000,3352.73000000,543370.42290000,2024-06-24 23:59:59.999,1807046957.96521900,1222789,262600.40520000,873824151.92476300,0
2024-06-25,3352.74000000,3430.88000000,3336.76000000,3394.91000000,240036.22360000,2024-06-25 23:59:59.999,812730026.84420000,654302,122936.19590000,416346006.72290600,0
2024-06-26,3394.91000000,3426.75000000,3325.01000000,3371.44000000,206949.34180000,2024-06-26 23:59:59.999,699375819.27612800,518727,108326.93730000,366024176.14348900,0
2024-06-27,3371.77000000,3477.00000000,3361.74000000,3450.44000000,201041.66090000,2024-06-27 23:59:59.999,687897292.14541400,530697,108386.89200000,370765787.90538400,0
2024-06-28,3450.44000000,3487.70000000,3365.22000000,3380.15000000,221634.34350000,2024-06-28 23:59:59.999,760116781.02950800,934561,117864.76710000,404433441.06101600,0
2024-06-29,3380.15000000,3408.32000000,3371.86000000,3378.80000000,88329.76510000,2024-06-29 23:59:59.999,299468173.24571800,365755,47423.39680000,160794628.30853200,0
2024-06-30,3378.80000000,3460.00000000,3352.66000000,3438.16000000,141221.61850000,2024-06-30 23:59:59.999,480491273.12148200,557070,80177.99650000,272838936.07012400,0
2024-07-01,3438.16000000,3524.94000000,3423.78000000,3442.20000000,224273.21220000,2024-07-01 23:59:59.999,780112100.20822300,854102,121044.94000000,421096637.78815500,0
2024-07-02,3442.20000000,3464.12000000,3402.00000000,3421.35000000,137932.70140000,2024-07-02 23:59:59.999,473853655.52232200,623720,68282.75840000,234617896.70346100,0
2024-07-03,3421.35000000,3432.10000000,3251.00000000,3295.48000000,310408.45100000,2024-07-03 23:59:59.999,1031040642.94824500,1378502,143212.67230000,475477399.86673600,0
2024-07-04,3295.49000000,3313.45000000,3050.34000000,3059.70000000,450402.56920000,2024-07-04 23:59:59.999,1425360058.27939900,1898898,202136.36830000,639814934.74680600,0
2024-07-05,3059.70000000,3110.00000000,2810.00000000,2981.78000000,886994.37530000,2024-07-05 23:59:59.999,2602693094.46338400,2967124,404744.53170000,1188081864.61790000,0
2024-07-06,2981.79000000,3081.78000000,2955.06000000,3066.83000000,214487.97130000,2024-07-06 23:59:59.999,646245038.47514500,1055462,112962.82100000,340494854.01142700,0
2024-07-07,3066.83000000,3073.08000000,2922.24000000,2931.00000000,179892.76120000,2024-07-07 23:59:59.999,538755029.45987900,878707,86519.91150000,258997896.83998600,0
2024-07-08,2930.99000000,3097.06000000,2822.80000000,3019.01000000,500445.01050000,2024-07-08 23:59:59.999,1484924133.82865400,2222940,246399.41830000,731702626.90189300,0
2024-07-09,3019.01000000,3115.20000000,3004.00000000,3066.65000000,280358.14240000,2024-07-09 23:59:59.999,859567747.66392700,1377129,148692.14930000,455973139.54195900,0
2024-07-10,3066.65000000,3151.51000000,3024.00000000,3101.05000000,270827.08440000,2024-07-10 23:59:59.999,839730659.37295200,1296218,134603.87130000,417474584.80457600,0
2024-07-11,3101.06000000,3217.24000000,3054.76000000,3099.57000000,289229.32000000,2024-07-11 23:59:59.999,907129989.22209600,1413031,148734.73680000,466509910.14770000,0
2024-07-12,3099.57000000,3157.89000000,3045.58000000,3133.88000000,185745.18250000,2024-07-12 23:59:59.999,575599522.85066300,1094915,95406.12530000,295730714.46365600,0
2024-07-13,3133.89000000,3201.80000000,3113.37000000,3175.93000000,119302.47690000,2024-07-13 23:59:59.999,376336968.78329300,591291,60506.12940000,190893440.61093800,0
2024-07-14,3175.93000000,3268.72000000,3163.67000000,3245.08000000,165430.77160000,2024-07-14 23:59:59.999,530204017.16941100,792858,83179.81420000,266820311.32188600,0
2024-07-15,3245.20000000,3493.63000000,3233.22000000,3483.39000000,314296.84520000,2024-07-15 23:59:59.999,1058747637.28826600,1617276,161760.18580000,544978505.52276800,0
2024-07-16,3483.20000000,3498.59000000,3346.55000000,3444.13000000,376128.78690000,2024-07-16 23:59:59.999,1291412549.93776600,1636557,193947.88230000,665961239.71115500,0
2024-07-17,3444.14000000,3517.00000000,3376.00000000,3387.05000000,297812.51620000,2024-07-17 23:59:59.999,1029558208.63679400,1285615,168234.51870000,581998341.75033700,0
2024-07-18,3387.05000000,3489.98000000,3367.20000000,3426.50000000,241950.34570000,2024-07-18 23:59:59.999,829503482.76701200,1165443,128938.74410000,442179155.87365700,0
2024-07-19,3426.49000000,3540.27000000,3377.00000000,3503.53000000,299511.64220000,2024-07-19 23:59:59.999,1034724329.31929600,1262244,158469.64460000,547637460.46681500,0
2024-07-20,3503.53000000,3539.65000000,3480.00000000,3517.50000000,147510.81650000,2024-07-20 23:59:59.999,516504071.76519900,667108,69139.34330000,242092830.77753000,0
2024-07-21,3517.50000000,3547.00000000,3411.40000000,3535.92000000,218890.96560000,2024-07-21 23:59:59.999,764360242.60117400,961322,103673.58990000,362208133.51128900,0
2024-07-22,3535.93000000,3562.82000000,3422.34000000,3439.60000000,207859.50430000,2024-07-22 23:59:59.999,724117324.16912200,1069762,96899.91880000,337741204.49652000,0
2024-07-23,3439.61000000,3541.00000000,3389.00000000,3482.51000000,500568.78110000,2024-07-23 23:59:59.999,1737977523.02278600,1617621,270658.33240000,940075969.46685700,0
2024-07-24,3482.51000000,3487.82000000,3300.00000000,3335.81000000,275479.05060000,2024-07-24 23:59:59.999,940244066.49779700,980283,135067.10600000,461180607.88713700,0
2024-07-25,3335.82000000,3342.50000000,3087.53000000,3175.48000000,494282.63980000,2024-07-25 23:59:59.999,1570457188.18384000,2011527,239121.06120000,759567456.51364500,0
2024-07-26,3175.47000000,3286.36000000,3171.00000000,3274.61000000,260237.46410000,2024-07-26 23:59:59.999,844064770.72481800,1169246,128738.67200000,417477416.18929900,0
2024-07-27,3274.60000000,3327.59000000,3191.01000000,3249.01000000,231991.90370000,2024-07-27 23:59:59.999,757931406.54581500,1076809,118058.31710000,385871810.97083600,0
2024-07-28,3249.00000000,3284.30000000,3198.11000000,3270.16000000,103529.83290000,2024-07-28 23:59:59.999,336422802.72238300,682428,52499.47910000,170673348.40827400,0
2024-07-29,3270.16000000,3396.77000000,3258.00000000,3317.66000000,318471.50550000,2024-07-29 23:59:59.999,1061016180.07809800,1484898,159686.57070000,532117930.52570200,0
2024-07-30,3317.66000000,3366.40000000,3233.18000000,3279.21000000,197277.16410000,2024-07-30 23:59:59.999,652703227.79650700,1183239,91006.58420000,301189857.21781700,0
2024-07-31,3279.20000000,3350.00000000,3213.75000000,3232.74000000,233711.33520000,2024-07-31 23:59:59.999,769347274.94598800,1337992,112910.42490000,371910899.51371900,0
2024-08-01,3232.74000000,3242.57000000,3080.02000000,3203.40000000,323285.61050000,2024-08-01 23:59:59.999,1020921619.45247900,1835455,151515.29100000,478652865.10178800,0
2024-08-02,3203.40000000,3218.60000000,2967.00000000,2989.61000000,385704.03950000,2024-08-02 23:59:59.999,1185594927.51484300,2104725,177842.92770000,547327363.22897600,0
2024-08-03,2989.61000000,3018.02000000,2859.00000000,2903.64000000,344595.31570000,2024-08-03 23:59:59.999,1013020792.75208300,1798017,151541.68820000,445649429.32525000,0
2024-08-04,2903.65000000,2935.46000000,2630.00000000,2688.92000000,512064.26120000,2024-08-04 23:59:59.999,1426784556.44274300,2184760,235563.98230000,656402849.74097500,0
2024-08-05,2688.91000000,2697.44000000,2111.00000000,2419.59000000,2670604.10030000,2024-08-05 23:59:59.999,6243689817.19261800,7064159,1281460.79170000,2994688528.68390600,0
2024-08-06,2419.76000000,2556.23000000,2414.19000000,2461.33000000,642283.80380000,2024-08-06 23:59:59.999,1601879002.76912300,2870150,323805.05300000,808046548.67942800,0
2024-08-07,2461.33000000,2551.32000000,2309.04000000,2342.80000000,630115.42280000,2024-08-07 23:59:59.999,1537271441.49575900,2370148,307617.06650000,750975466.25288000,0
2024-08-08,2342.79000000,2724.10000000,2320.40000000,2682.50000000,586502.87540000,2024-08-08 23:59:59.999,1474101815.46942400,2112663,299400.95030000,752709539.42640600,0
2024-08-09,2682.50000000,2707.98000000,2552.61000000,2598.78000000,406739.96110000,2024-08-09 23:59:59.999,1069628608.09830500,1710060,195440.29410000,514507073.99430500,0
2024-08-10,2598.79000000,2644.70000000,2576.49000000,2609.92000000,171012.36190000,2024-08-10 23:59:59.999,446695039.69273400,758863,87017.10450000,227278356.48900000,0
2024-08-11,2609.92000000,2720.00000000,2540.00000000,2555.38000000,297098.91450000,2024-08-11 23:59:59.999,780682452.75452000,1217650,143129.64650000,376123937.07866100,0
2024-08-12,2555.38000000,2750.00000000,2510.05000000,2722.30000000,483414.25060000,2024-08-12 23:59:59.999,1275788778.66051800,1915621,252099.21840000,665331112.59673800,0
2024-08-13,2722.30000000,2738.40000000,2611.37000000,2702.44000000,325668.69640000,2024-08-13 23:59:59.999,872886595.98851800,1547949,165417.05460000,443554807.91132300,0
2024-08-14,2702.44000000,2780.00000000,2632.20000000,2661.45000000,338808.71410000,2024-08-14 23:59:59.999,914805683.89824400,1503315,167827.71990000,453631446.39239700,0
2024-08-15,2661.45000000,2675.60000000,2515.71000000,2569.89000000,356546.80590000,2024-08-15 23:59:59.999,927491377.06139800,1761529,172089.68210000,447789574.12869100,0
2024-08-16,2569.90000000,2630.97000000,2550.04000000,2592.73000000,270684.13730000,2024-08-16 23:59:59.999,702631292.53493100,1602311,127687.39840000,331506251.81562000,0
2024-08-17,2592.72000000,2629.69000000,2587.50000000,2614.51000000,89348.67600000,2024-08-17 23:59:59.999,232787181.52592400,543278,47334.20420000,123329370.60796800,0
2024-08-18,2614.51000000,2689.16000000,2594.53000000,2612.15000000,174074.05850000,2024-08-18 23:59:59.999,459975824.15432300,836384,92214.98720000,243669152.91462400,0
2024-08-19,2612.15000000,2648.08000000,2563.58000000,2636.36000000,224867.13360000,2024-08-19 23:59:59.999,585578272.44348200,1156033,112686.52750000,293606287.96500200,0
2024-08-20,2636.36000000,2695.00000000,2555.00000000,2572.82000000,281315.87510000,2024-08-20 23:59:59.999,738361057.60213400,1303349,139599.91330000,366762747.97612900,0
2024-08-21,2572.81000000,2663.74000000,2536.22000000,2630.71000000,245286.62180000,2024-08-21 23:59:59.999,638338169.86214400,1420421,121889.98370000,317338706.90672800,0
2024-08-22,2630.71000000,2644.69000000,2584.20000000,2622.88000000,199063.11960000,2024-08-22 23:59:59.999,521285357.08642300,1064195,98645.80600000,258303739.53123700,0
2024-08-23,2622.89000000,2799.13000000,2621.40000000,2762.48000000,401786.44470000,2024-08-23 23:59:59.999,1082989033.02354700,1747686,210295.50730000,567121017.13849100,0
2024-08-24,2762.49000000,2820.00000000,2731.26000000,2768.00000000,263542.94410000,2024-08-24 23:59:59.999,730370481.13812200,1133872,130086.44910000,360650474.07165400,0
2024-08-25,2768.01000000,2792.28000000,2733.21000000,2746.13000000,154527.23520000,2024-08-25 23:59:59.999,426733399.32663600,1047985,75993.74900000,209910294.01518700,0
2024-08-26,2746.12000000,2762.00000000,2666.66000000,2680.49000000,211708.12470000,2024-08-26 23:59:59.999,575695656.47717900,1453833,102718.22470000,279333306.99040100,0
2024-08-27,2680.49000000,2699.98000000,2392.96000000,2457.33000000,412660.71970000,2024-08-27 23:59:59.999,1058769621.89210300,1898416,187278.07780000,480143744.79680500,0
2024-08-28,2457.33000000,2554.60000000,2418.80000000,2528.33000000,451266.63400000,2024-08-28 23:59:59.999,1124304892.42379500,2272721,222246.91840000,553710617.94950600,0
2024-08-29,2528.33000000,2595.40000000,2505.88000000,2527.61000000,237002.96320000,2024-08-29 23:59:59.999,603867504.22594900,1455668,119563.35910000,304607143.52593600,0
2024-08-30,2527.60000000,2552.17000000,2431.14000000,2526.00000000,338379.19410000,2024-08-30 23:59:59.999,845015735.14941100,1735497,172073.91140000,429842974.52976200,0
2024-08-31,2525.99000000,2533.95000000,2491.92000000,2513.01000000,97946.11470000,2024-08-31 23:59:59.999,246514334.07653000,702529,47410.90720000,119335754.45879400,0
2024-09-01,2513.00000000,2516.28000000,2400.00000000,2425.72000000,223127.77600000,2024-09-01 23:59:59.999,550299930.15344900,1357443,106672.82840000,263071210.85051600,0
2024-09-02,2425.71000000,2564.83000000,2423.52000000,2538.01000000,262632.83850000,2024-09-02 23:59:59.999,654854126.19511100,1452334,134090.70480000,334264683.01748600,0
2024-09-03,2538.00000000,2553.60000000,2411.12000000,2425.29000000,224793.12990000,2024-09-03 23:59:59.999,556674703.35234100,1272909,101487.65070000,251452238.68507400,0
2024-09-04,2425.28000000,2490.00000000,2306.65000000,2450.71000000,384179.38540000,2024-09-04 23:59:59.999,921640300.67465400,2002621,188707.74580000,452757932.49333500,0
2024-09-05,2450.71000000,2466.00000000,2348.04000000,2368.81000000,278549.09690000,2024-09-05 23:59:59.999,667044058.82643400,1862353,131571.92470000,315231080.60793400,0
2024-09-06,2368.81000000,2408.83000000,2150.55000000,2225.23000000,643027.11100000,2024-09-06 23:59:59.999,1467265008.06349300,2980066,303990.16890000,694418877.02475400,0
2024-09-07,2225.24000000,2311.27000000,2220.98000000,2273.58000000,219453.20760000,2024-09-07 23:59:59.999,498662894.23097500,982698,109807.92460000,249593766.45553000,0
2024-09-08,2273.58000000,2333.58000000,2240.94000000,2297.30000000,192775.64930000,2024-09-08 23:59:59.999,440447734.82637300,976672,93305.19370000,213222870.55342400,0
2024-09-09,2297.30000000,2381.41000000,2272.80000000,2359.50000000,321698.99000000,2024-09-09 23:59:59.999,747001776.04653600,1761692,156788.50980000,364223174.14290400,0
2024-09-10,2359.51000000,2400.00000000,2320.41000000,2388.52000000,224382.17290000,2024-09-10 23:59:59.999,528411566.91970200,1210860,105895.41880000,249480052.38138200,0
2024-09-11,2388.52000000,2389.32000000,2277.68000000,2340.55000000,282898.31250000,2024-09-11 23:59:59.999,659291892.32673100,1530070,135125.59650000,314926799.45453100,0
2024-09-12,2340.54000000,2391.93000000,2315.39000000,2361.76000000,202611.13080000,2024-09-12 23:59:59.999,476749201.76441900,1093596,102118.09520000,240341157.99811900,0
2024-09-13,2361.75000000,2464.82000000,2337.35000000,2439.19000000,253888.61600000,2024-09-13 23:59:59.999,607650210.70286200,1458878,124124.36760000,297410717.96547000,0
2024-09-14,2439.19000000,2440.60000000,2376.72000000,2417.79000000,122931.23020000,2024-09-14 23:59:59.999,296990460.13007800,754834,57970.96450000,140034806.30787600,0
2024-09-15,2417.80000000,2430.32000000,2283.75000000,2316.10000000,174364.19460000,2024-09-15 23:59:59.999,413278017.27632400,1058493,80610.91460000,191044099.00633000,0
2024-09-16,2316.09000000,2335.70000000,2252.39000000,2295.68000000,330555.23200000,2024-09-16 23:59:59.999,756718235.68223400,2102319,153834.01110000,352253267.83244000,0
2024-09-17,2295.67000000,2393.63000000,2263.29000000,2341.80000000,274206.25880000,2024-09-17 23:59:59.999,640307796.59404200,1813524,134491.63700000,314135444.25581700,0
2024-09-18,2341.79000000,2376.14000000,2277.34000000,2374.75000000,292917.60080000,2024-09-18 23:59:59.999,679856751.17105300,2555639,144167.24010000,334741394.02654900,0
2024-09-19,2374.74000000,2494.95000000,2372.60000000,2465.21000000,326746.03200000,2024-09-19 23:59:59.999,794820680.99505400,2862096,171108.47470000,416132368.00402700,0
2024-09-20,2465.21000000,2571.93000000,2437.31000000,2561.40000000,340754.59120000,2024-09-20 23:59:59.999,864016608.11556300,3241249,173101.71320000,438921107.76329400,0
2024-09-21,2561.40000000,2623.34000000,2528.97000000,2612.40000000,154757.87730000,2024-09-21 23:59:59.999,396953470.51763100,1425778,78964.07040000,202638566.04465200,0
2024-09-22,2612.40000000,2632.57000000,2524.58000000,2581.00000000,214266.32570000,2024-09-22 23:59:59.999,553059849.55339900,2067811,97837.05120000,252636983.57337800,0
2024-09-23,2580.99000000,2702.82000000,2539.49000000,2646.97000000,333282.01490000,2024-09-23 23:59:59.999,883518257.19940700,3492404,161782.11780000,428832914.20111200,0
2024-09-24,2646.98000000,2670.96000000,2591.56000000,2653.20000000,288600.04020000,2024-09-24 23:59:59.999,760159619.98153400,2730471,140655.88960000,370558448.96591700,0
2024-09-25,2653.20000000,2673.50000000,2554.05000000,2579.95000000,220343.42930000,2024-09-25 23:59:59.999,576100924.71154600,2446589,103887.87840000,271731602.59947200,0
2024-09-26,2580.09000000,2666.22000000,2559.20000000,2632.26000000,278686.35730000,2024-09-26 23:59:59.999,731881168.91669500,2897463,139205.44730000,365580497.05442400,0
2024-09-27,2632.25000000,2728.60000000,2615.21000000,2694.43000000,281826.97920000,2024-09-27 23:59:59.999,753233859.35867200,2599262,151742.50930000,405576362.61347600,0
2024-09-28,2694.43000000,2704.35000000,2650.00000000,2675.21000000,137230.03420000,2024-09-28 23:59:59.999,367299958.06267600,1192804,65924.22020000,176467262.33616800,0
2024-09-29,2675.21000000,2683.70000000,2629.73000000,2657.62000000,160554.31460000,2024-09-29 23:59:59.999,426486288.27627700,1417045,81486.00610000,216453626.08854400,0
2024-09-30,2657.62000000,2663.50000000,2575.00000000,2602.23000000,282475.79610000,2024-09-30 23:59:59.999,738997897.57908500,2684395,135231.59450000,353834770.00365100,0
2024-10-01,2602.24000000,2659.00000000,2414.00000000,2447.79000000,502828.68040000,2024-10-01 23:59:59.999,1275068045.81654800,4525442,241562.47160000,612727012.04731000,0
2024-10-02,2447.78000000,2499.00000000,2352.00000000,2364.10000000,317484.73500000,2024-10-02 23:59:59.999,772815459.36655100,4299369,155763.84130000,379325012.46359800,0
2024-10-03,2364.09000000,2403.38000000,2310.00000000,2349.80000000,314635.92630000,2024-10-03 23:59:59.999,739732809.48188700,4096011,149299.04360000,351028567.52354300,0
2024-10-04,2349.80000000,2441.64000000,2339.15000000,2414.41000000,239383.01700000,2024-10-04 23:59:59.999,572627417.10536900,2556302,121492.18760000,290635408.17503000,0
2024-10-05,2414.41000000,2428.23000000,2390.05000000,2414.66000000,103740.23160000,2024-10-05 23:59:59.999,250133597.68832200,1147501,49644.85370000,119740244.15091900,0
2024-10-06,2414.66000000,2457.80000000,2407.00000000,2440.03000000,105752.70960000,2024-10-06 23:59:59.999,257213775.45288000,1097106,56040.49420000,136283551.47355800,0
2024-10-07,2440.02000000,2521.00000000,2403.00000000,2422.71000000,300459.54070000,2024-10-07 23:59:59.999,742163736.96691100,3081333,147053.19260000,363265506.41464900,0
2024-10-08,2422.70000000,2466.66000000,2401.18000000,2440.89000000,201358.33120000,2024-10-08 23:59:59.999,490043095.02496200,2240640,98699.06950000,240246242.02095800,0
2024-10-09,2440.88000000,2473.61000000,2351.42000000,2370.47000000,242082.27250000,2024-10-09 23:59:59.999,586469983.39352700,2569883,118607.67530000,287392550.52832000,0
2024-10-10,2370.47000000,2421.36000000,2330.66000000,2386.49000000,257862.96190000,2024-10-10 23:59:59.999,614182044.94953600,2734517,124649.16980000,296876662.88337700,0
2024-10-11,2386.49000000,2471.45000000,2381.86000000,2439.50000000,235441.21970000,2024-10-11 23:59:59.999,572065403.74189800,1913115,120079.05810000,291669006.34268800,0
2024-10-12,2439.49000000,2490.51000000,2434.35000000,2476.40000000,139637.50620000,2024-10-12 23:59:59.999,343538957.82022800,1058123,75635.47220000,186143651.98497400,0
2024-10-13,2476.40000000,2484.92000000,2436.40000000,2468.91000000,120022.81790000,2024-10-13 23:59:59.999,295322793.08412500,1032905,59760.37470000,147082675.32577100,0
2024-10-14,2468.92000000,2654.00000000,2443.39000000,2629.79000000,435900.16190000,2024-10-14 23:59:59.999,1119084230.80793800,2715025,229665.60470000,589781071.81532800,0
2024-10-15,2629.79000000,2688.60000000,2537.36000000,2607.41000000,416285.66630000,2024-10-15 23:59:59.999,1083630113.13970700,3306565,205576.51830000,535279891.16590100,0
2024-10-16,2607.41000000,2647.79000000,2588.67000000,2611.10000000,260322.42420000,2024-10-16 23:59:59.999,681342662.41857000,2813136,127407.66790000,333593643.09779300,0
2024-10-17,2611.10000000,2648.37000000,2575.40000000,2605.80000000,221624.54340000,2024-10-17 23:59:59.999,579597649.92940300,2543113,109682.85890000,286944146.55601100,0
2024-10-18,2605.79000000,2675.58000000,2596.49000000,2642.17000000,292444.11530000,2024-10-18 23:59:59.999,771232214.93516400,2835054,151075.29190000,398486077.84859300,0
2024-10-19,2642.17000000,2663.49000000,2631.02000000,2648.20000000,105413.76460000,2024-10-19 23:59:59.999,278723129.15789400,1145594,52955.70120000,140037162.00516000,0
2024-10-20,2648.20000000,2759.00000000,2635.54000000,2746.91000000,256910.74480000,2024-10-20 23:59:59.999,692550694.44162900,2274845,131315.63210000,354129881.28676600,0
2024-10-21,2746.91000000,2769.48000000,2655.01000000,2666.70000000,310674.72320000,2024-10-21 23:59:59.999,839718870.96762100,2526347,155766.44540000,421099497.59600700,0
2024-10-22,2666.71000000,2671.92000000,2606.56000000,2622.81000000,265747.71300000,2024-10-22 23:59:59.999,699818031.28854000,2153796,129041.05420000,339834310.02414700,0
2024-10-23,2622.81000000,2628.20000000,2450.00000000,2524.61000000,352647.70860000,2024-10-23 23:59:59.999,897683017.74016800,2642127,161673.03630000,411442765.60034200,0
2024-10-24,2524.60000000,2562.65000000,2507.31000000,2535.82000000,290851.78420000,2024-10-24 23:59:59.999,737665762.66614700,2252562,151672.57960000,384697096.34031300,0
2024-10-25,2535.82000000,2566.33000000,2382.59000000,2440.62000000,514799.88220000,2024-10-25 23:59:59.999,1282541014.46980300,3741205,232180.14350000,578647966.53560800,0
2024-10-26,2440.63000000,2508.00000000,2430.12000000,2482.51000000,248724.83130000,2024-10-26 23:59:59.999,612908876.73898300,1985542,132469.85690000,326550515.93420700,0
2024-10-27,2482.51000000,2527.99000000,2464.13000000,2507.80000000,137580.88360000,2024-10-27 23:59:59.999,342704461.29822200,1337190,70648.00530000,176001096.76121000,0
2024-10-28,2507.80000000,2589.67000000,2471.67000000,2567.48000000,360605.32700000,2024-10-28 23:59:59.999,910015100.83083700,2847523,180803.60760000,456316658.78481300,0
2024-10-29,2567.49000000,2681.86000000,2561.20000000,2638.80000000,451915.70250000,2024-10-29 23:59:59.999,1187541746.02171500,3690029,227223.48010000,597159695.53777800,0
2024-10-30,2638.80000000,2722.30000000,2599.66000000,2659.19000000,460627.12600000,2024-10-30 23:59:59.999,1230352880.14265500,3700127,234688.32980000,627072013.72104200,0
2024-10-31,2659.19000000,2669.00000000,2503.00000000,2518.61000000,403427.20170000,2024-10-31 23:59:59.999,1042550364.39079100,3391343,196341.44980000,507552898.63574800,0
2024-11-01,2518.61000000,2586.80000000,2467.67000000,2511.49000000,430249.10730000,2024-11-01 23:59:59.999,1084316033.71191500,3614843,202239.11620000,509869182.30356700,0
2024-11-02,2511.49000000,2523.45000000,2470.00000000,2494.23000000,145961.13000000,2024-11-02 23:59:59.999,364240307.89237700,1228028,68739.22170000,171535490.17364200,0
2024-11-03,2494.23000000,2496.39000000,2411.00000000,2457.73000000,276009.11970000,2024-11-03 23:59:59.999,675516839.24615800,2569553,128755.13020000,315138233.23078100,0
2024-11-04,2457.73000000,2491.39000000,2357.59000000,2398.21000000,306316.96450000,2024-11-04 23:59:59.999,745000696.54959400,3066552,148574.72540000,361660123.21258000,0
2024-11-05,2398.21000000,2480.00000000,2380.74000000,2422.55000000,331619.25450000,2024-11-05 23:59:59.999,807964220.38260700,2878817,164899.72260000,401792814.47828200,0
2024-11-06,2422.60000000,2744.70000000,2420.30000000,2721.87000000,1002141.36180000,2024-11-06 23:59:59.999,2613263657.61569000,5557031,527404.57970000,1375499686.35223600,0
2024-11-07,2721.88000000,2916.11000000,2699.49000000,2895.47000000,730845.95240000,2024-11-07 23:59:59.999,2069602523.37207700,5380366,367745.65060000,1041659729.92273900,0
2024-11-08,2895.47000000,2981.69000000,2886.40000000,2961.75000000,568864.43500000,2024-11-08 23:59:59.999,1664276186.36745700,4290252,290136.27340000,849147013.62205100,0
2024-11-09,2961.75000000,3157.40000000,2953.71000000,3126.21000000,526719.42120000,2024-11-09 23:59:59.999,1602480049.88551400,3681905,278109.26380000,846556140.57644800,0
2024-11-10,3126.20000000,3248.52000000,3069.00000000,3183.21000000,865536.73220000,2024-11-10 23:59:59.999,2751696491.35327300,6072418,444231.98530000,1412520566.69655500,0
2024-11-11,3183.20000000,3387.61000000,3105.00000000,3371.59000000,1000093.96640000,2024-11-11 23:59:59.999,3248336095.35783400,7802397,512353.65970000,1664789115.81200000,0
2024-11-12,3371.59000000,3442.50000000,3207.67000000,3243.80000000,973215.72850000,2024-11-12 23:59:59.999,3215515065.96685000,7073014,474680.79960000,1569519071.96666300,0
2024-11-13,3243.79000000,3331.00000000,3116.69000000,3187.16000000,919686.37470000,2024-11-13 23:59:59.999,2958494366.71914000,9753402,446483.23990000,1436610189.54269200,0
2024-11-14,3187.16000000,3240.40000000,3028.56000000,3058.82000000,605780.66620000,2024-11-14 23:59:59.999,1909266330.68371800,6204964,291332.14280000,919046552.32491300,0
2024-11-15,3058.81000000,3131.06000000,3014.50000000,3090.01000000,519623.63170000,2024-11-15 23:59:59.999,1593247701.28904900,6118576,256031.96210000,785238977.75679600,0
2024-11-16,3090.01000000,3219.97000000,3072.00000000,3132.87000000,423639.15730000,2024-11-16 23:59:59.999,1332892680.48503800,5079843,221452.09360000,696573570.91146400,0
2024-11-17,3132.88000000,3162.11000000,3034.99000000,3076.00000000,449818.95750000,2024-11-17 23:59:59.999,1393762559.89606500,5832635,219773.82170000,681175947.12536200,0
2024-11-18,3075.99000000,3224.94000000,3050.01000000,3207.80000000,640658.43570000,2024-11-18 23:59:59.999,2006111259.65758600,6541040,335610.63520000,1051440459.59821600,0
2024-11-19,3207.81000000,3221.20000000,3065.40000000,3107.44000000,500112.01940000,2024-11-19 23:59:59.999,1561642778.41815400,5163295,240538.57970000,751285220.16740200,0
2024-11-20,3107.45000000,3159.20000000,3029.41000000,3069.97000000,503607.83360000,2024-11-20 23:59:59.999,1559041767.18546400,6338828,262555.33790000,813254437.22967800,0
2024-11-21,3069.97000000,3386.73000000,3032.59000000,3355.81000000,974923.30350000,2024-11-21 23:59:59.999,3167224819.41876900,8227428,517407.46180000,1678599533.38309400,0
2024-11-22,3355.88000000,3425.92000000,3257.54000000,3327.78000000,603273.70930000,2024-11-22 23:59:59.999,2008464564.86167400,7141711,299228.21600000,996678648.69699500,0
2024-11-23,3327.78000000,3497.51000000,3312.72000000,3393.91000000,721024.00090000,2024-11-23 23:59:59.999,2449223191.45451700,6790558,377413.29840000,1281905367.17223400,0
2024-11-24,3393.91000000,3450.00000000,3281.40000000,3361.20000000,479098.09210000,2024-11-24 23:59:59.999,1608242778.28287200,5919258,229135.64760000,769433365.50576100,0
2024-11-25,3361.21000000,3546.66000000,3300.01000000,3414.49000000,949330.37000000,2024-11-25 23:59:59.999,3272920810.05731100,9876856,473543.93990000,1633463973.64652600,0
2024-11-26,3414.49000000,3462.49000000,3252.00000000,3324.73000000,672367.15030000,2024-11-26 23:59:59.999,2252619301.96427400,7269605,320649.41400000,1076018603.47616000,0
2024-11-27,3324.74000000,3684.92000000,3302.40000000,3653.28000000,754573.64850000,2024-11-27 23:59:59.999,2640023089.76093500,6392173,422777.04850000,1478531171.09609100,0
2024-11-28,3653.27000000,3661.92000000,3529.76000000,3578.79000000,560976.42500000,2024-11-28 23:59:59.999,2014252549.70202200,5393261,281616.14450000,1011307244.12480200,0
2024-11-29,3578.80000000,3647.98000000,3534.28000000,3592.21000000,425493.24490000,2024-11-29 23:59:59.999,1525999121.81963900,4240304,220911.87590000,792537823.50665000,0
2024-11-30,3592.22000000,3738.98000000,3568.40000000,3703.60000000,503684.74850000,2024-11-30 23:59:59.999,1849683070.29735000,4641849,267000.57690000,980789627.35957700,0
2024-12-01,3703.59000000,3746.80000000,3659.20000000,3707.61000000,429089.26330000,2024-12-01 23:59:59.999,1589850114.02591500,3667910,212029.40080000,785774029.01285500,0
2024-12-02,3707.61000000,3760.00000000,3554.32000000,3643.42000000,737130.56900000,2024-12-02 23:59:59.999,2685285591.84536500,6825848,368529.34700000,1342985979.58074500,0
2024-12-03,3643.43000000,3670.00000000,3500.00000000,3614.51000000,678400.20320000,2024-12-03 23:59:59.999,2439869839.02902100,5200407,376625.93000000,1355330328.94503700,0
2024-12-04,3614.51000000,3887.24000000,3614.51000000,3837.80000000,968744.03990000,2024-12-04 23:59:59.999,3638907449.55176100,8222722,516513.63150000,1939427558.60474000,0
2024-12-05,3837.80000000,3956.00000000,3677.00000000,3785.20000000,946493.27600000,2024-12-05 23:59:59.999,3653558567.75371200,8753645,465065.30160000,1796915310.22586500,0
2024-12-06,3785.21000000,4087.73000000,3777.26000000,3998.87000000,803855.11460000,2024-12-06 23:59:59.999,3174080080.14619300,6677199,410529.41370000,1621071926.72690900,0
2024-12-07,3998.87000000,4024.46000000,3968.00000000,3996.22000000,283920.02000000,2024-12-07 23:59:59.999,1134418058.86617300,2721543,141027.53580000,563531840.24221200,0
2024-12-08,3996.22000000,4015.58000000,3923.50000000,4004.15000000,251362.16850000,2024-12-08 23:59:59.999,1000371580.63835900,2614587,124696.17300000,496407855.45914100,0
2024-12-09,4004.15000000,4006.17000000,3509.00000000,3712.00000000,939642.20010000,2024-12-09 23:59:59.999,3566495804.12810500,8331026,434519.74420000,1650765938.05197400,0
2024-12-10,3712.00000000,3780.76000000,3515.89000000,3628.25000000,942206.03370000,2024-12-10 23:59:59.999,3443114495.27366400,10461668,468842.23620000,1713256933.09975900,0
2024-12-11,3628.24000000,3848.64000000,3562.34000000,3831.81000000,461818.78010000,2024-12-11 23:59:59.999,1722223536.87817700,6195364,248830.10390000,928595809.30058700,0
2024-12-12,3831.82000000,3987.41000000,3796.80000000,3881.61000000,572098.63430000,2024-12-12 23:59:59.999,2239803483.57660700,7005239,284607.15510000,1114554219.24114300,0
2024-12-13,3881.60000000,3968.47000000,3852.94000000,3906.80000000,387765.68730000,2024-12-13 23:59:59.999,1516942852.28518100,5124578,192195.32380000,751955442.54806600,0
2024-12-14,3906.80000000,3945.00000000,3825.03000000,3870.29000000,265538.94790000,2024-12-14 23:59:59.999,1031595277.38733700,3407748,131333.82940000,510395698.45593300,0
2024-12-15,3870.30000000,3974.61000000,3831.50000000,3959.09000000,253833.21410000,2024-12-15 23:59:59.999,987865003.12754300,3637695,137576.23630000,535670221.16029300,0
2024-12-16,3959.09000000,4107.80000000,3884.00000000,3986.24000000,673351.07230000,2024-12-16 23:59:59.999,2686550997.11024500,7117624,357970.22610000,1428720574.04516100,0
2024-12-17,3986.24000000,4041.82000000,3847.96000000,3893.01000000,450825.98610000,2024-12-17 23:59:59.999,1788532842.70075700,6874200,212006.09800000,841864072.77054100,0
2024-12-18,3893.01000000,3907.19000000,3617.42000000,3626.80000000,722505.06180000,2024-12-18 23:59:59.999,2735374632.73864100,6584244,338987.74140000,1283903825.65402800,0
2024-12-19,3626.80000000,3720.00000000,3326.80000000,3417.01000000,1078153.48510000,2024-12-19 23:59:59.999,3807975330.68116200,6357638,498105.40580000,1759867070.36279600,0
2024-12-20,3417.01000000,3497.84000000,3101.90000000,3472.21000000,1332783.73100000,2024-12-20 23:59:59.999,4421584295.58089900,7029546,616548.69460000,2043875039.78797600,0
2024-12-21,3472.20000000,3555.18000000,3293.11000000,3338.92000000,475275.82000000,2024-12-21 23:59:59.999,1627460721.69215300,2732677,227433.37900000,779411940.38609500,0
2024-12-22,3338.92000000,3403.00000000,3221.10000000,3281.83000000,361920.24950000,2024-12-22 23:59:59.999,1201895225.01695200,2546556,178324.64420000,592471146.24274100,0
2024-12-23,3281.83000000,3466.99000000,3216.97000000,3422.53000000,488253.41000000,2024-12-23 23:59:59.999,1627069583.87868200,4032824,251606.21720000,838574859.78571200,0
2024-12-24,3422.53000000,3539.65000000,3358.19000000,3493.18000000,315723.67630000,2024-12-24 23:59:59.999,1087476459.25316300,2764397,158218.89880000,544905389.45923000,0
2024-12-25,3493.17000000,3547.95000000,3440.93000000,3497.00000000,219846.04520000,2024-12-25 23:59:59.999,766349902.71321700,2133099,110386.21040000,384894251.07668100,0
2024-12-26,3497.00000000,3514.94000000,3304.63000000,3335.05000000,310170.17190000,2024-12-26 23:59:59.999,1047464157.03218900,2543314,164346.24880000,554727435.33012100,0
2024-12-27,3335.04000000,3444.16000000,3306.60000000,3333.51000000,342529.60380000,2024-12-27 23:59:59.999,1152635224.26543900,3133395,171567.67040000,577327628.47015500,0
2024-12-28,3333.51000000,3428.68000000,3322.23000000,3404.00000000,175963.61300000,2024-12-28 23:59:59.999,592591876.17898600,1445334,88404.95780000,297871890.10946200,0
2024-12-29,3404.01000000,3413.78000000,3326.17000000,3356.48000000,156256.88190000,2024-12-29 23:59:59.999,527250656.14570400,1170497,74717.28830000,252109610.01206700,0
2024-12-30,3356.48000000,3437.59000000,3305.00000000,3361.84000000,420794.64760000,2024-12-30 23:59:59.999,1420731724.37256400,2700666,215138.52690000,726878029.72007100,0
2024-12-31,3361.83000000,3451.00000000,3315.59000000,3337.78000000,303053.16850000,2024-12-31 23:59:59.999,1024862944.04619100,2021786,146510.75010000,495460792.49061200,0
2025-01-01,3337.78000000,3374.85000000,3313.88000000,3360.38000000,190238.58610000,2025-01-01 23:59:59.999,636613395.69596500,1182219,99518.02170000,333085258.28746200,0
2025-01-02,3360.39000000,3509.99000000,3354.50000000,3455.67000000,338632.88740000,2025-01-02 23:59:59.999,1166286232.16288200,2373075,169044.36270000,582161055.52196500,0
2025-01-03,3455.68000000,3630.00000000,3423.44000000,3609.01000000,334041.06040000,2025-01-03 23:59:59.999,1179953901.10181400,2293811,169194.07500000,597682226.03096200,0
2025-01-04,3609.00000000,3671.60000000,3572.42000000,3656.88000000,229266.31330000,2025-01-04 23:59:59.999,829864804.85983700,1567855,116823.14830000,422850861.08688600,0
2025-01-05,3656.88000000,3675.25000000,3593.70000000,3635.99000000,155444.17410000,2025-01-05 23:59:59.999,564147572.80066900,1461192,76901.37580000,279135355.27000600,0
2025-01-06,3636.00000000,3744.83000000,3610.63000000,3687.45000000,329642.36480000,2025-01-06 23:59:59.999,1210642823.30206900,2753873,166824.61960000,612822771.95455100,0
2025-01-07,3687.44000000,3700.86000000,3356.31000000,3381.31000000,541543.28740000,2025-01-07 23:59:59.999,1899318756.15801600,3538701,254553.45020000,892893276.02080900,0
2025-01-08,3381.31000000,3415.10000000,3208.20000000,3327.29000000,584749.96270000,2025-01-08 23:59:59.999,1944382187.65665900,3766197,275577.22690000,916259778.41837900,0
2025-01-09,3327.29000000,3357.27000000,3158.00000000,3219.20000000,501818.42470000,2025-01-09 23:59:59.999,1638958679.71436800,3685889,237793.73460000,777185110.08267900,0
2025-01-10,3219.20000000,3322.49000000,3193.97000000,3267.04000000,454142.13330000,2025-01-10 23:59:59.999,1482940591.67198800,3199118,222519.18490000,726413490.66837400,0
2025-01-11,3267.05000000,3320.18000000,3217.56000000,3282.83000000,151679.74870000,2025-01-11 23:59:59.999,494933295.35826200,1208777,74202.78760000,242350177.14399100,0
2025-01-12,3282.83000000,3300.00000000,3224.49000000,3267.30000000,164879.97090000,2025-01-12 23:59:59.999,538751712.04578700,1151908,78312.53320000,255990007.31399000,0
2025-01-13,3267.30000000,3339.00000000,2920.00000000,3137.51000000,845907.56690000,2025-01-13 23:59:59.999,2614824635.15443900,4900248,410956.80140000,1271030799.21146800,0
2025-01-14,3137.51000000,3256.67000000,3125.65000000,3225.63000000,374308.45170000,2025-01-14 23:59:59.999,1197715520.89902600,2446285,180843.36050000,578754045.67724400,0
2025-01-15,3225.63000000,3473.75000000,3186.36000000,3451.52000000,464188.03400000,2025-01-15 23:59:59.999,1537407357.36677100,2689488,233981.71830000,775803015.40606800,0
2025-01-16,3451.51000000,3460.79000000,3265.44000000,3308.05000000,471282.67870000,2025-01-16 23:59:59.999,1573512574.07485100,2667507,227669.87210000,760336218.42832100,0
2025-01-17,3308.04000000,3525.72000000,3307.50000000,3473.63000000,518550.18130000,2025-01-17 23:59:59.999,1773013467.30909300,3165882,269301.51330000,920836504.15644600,0
2025-01-18,3473.64000000,3494.39000000,3227.00000000,3307.71000000,634197.12810000,2025-01-18 23:59:59.999,2100633661.76441900,3931387,309754.32910000,1025970289.51767100,0
2025-01-19,3307.71000000,3448.99000000,3130.48000000,3215.12000000,1342301.52170000,2025-01-19 23:59:59.999,4408659681.01233000,7064813,651932.43120000,2143657478.90028600,0
2025-01-20,3215.20000000,3453.69000000,3142.78000000,3284.00000000,1158354.78140000,2025-01-20 23:59:59.999,3830020315.13160700,7137551,572672.70280000,1895320599.96198600,0
2025-01-21,3283.99000000,3289.85000000,3204.60000000,3264.97000000,234200.75440000,2025-01-21 23:59:59.999,760405728.88269100,1734890,114507.15550000,371894212.95704800,0
